/*
SQLyog Ultimate v12.5.1 (64 bit)
MySQL - 10.4.11-MariaDB : Database - db_sipkrikes
*********************************************************************
*/

/*!40101 SET NAMES utf8 */;

/*!40101 SET SQL_MODE=''*/;

/*!40014 SET @OLD_UNIQUE_CHECKS=@@UNIQUE_CHECKS, UNIQUE_CHECKS=0 */;
/*!40014 SET @OLD_FOREIGN_KEY_CHECKS=@@FOREIGN_KEY_CHECKS, FOREIGN_KEY_CHECKS=0 */;
/*!40101 SET @OLD_SQL_MODE=@@SQL_MODE, SQL_MODE='NO_AUTO_VALUE_ON_ZERO' */;
/*!40111 SET @OLD_SQL_NOTES=@@SQL_NOTES, SQL_NOTES=0 */;
CREATE DATABASE /*!32312 IF NOT EXISTS*/`db_sipkrikes` /*!40100 DEFAULT CHARACTER SET utf8mb4 */;

USE `db_sipkrikes`;

/*Table structure for table `jenis_bencana` */

DROP TABLE IF EXISTS `jenis_bencana`;

CREATE TABLE `jenis_bencana` (
  `id` int(11) NOT NULL AUTO_INCREMENT,
  `nama_bencana` varchar(50) DEFAULT NULL,
  PRIMARY KEY (`id`)
) ENGINE=InnoDB AUTO_INCREMENT=17 DEFAULT CHARSET=utf8mb4;

/*Data for the table `jenis_bencana` */

LOCK TABLES `jenis_bencana` WRITE;

insert  into `jenis_bencana`(`id`,`nama_bencana`) values 
(1,'Gempa Bumi'),
(2,'Tsunami'),
(3,'Gunung Meletus'),
(4,'Banjir'),
(5,'Banjir Bandang'),
(6,'Kekeringan'),
(7,'Angin Topan'),
(8,'Tanah Longsor'),
(9,'Gagal Teknologi'),
(10,'Epidemi'),
(11,'Wabah Penyakit'),
(12,'Kerusuhan'),
(13,'Terorisme'),
(14,'Kecelakaan Lalu Lintas'),
(15,'Kebakaran'),
(16,'Lain-lain');

UNLOCK TABLES;

/*Table structure for table `kabkot` */

DROP TABLE IF EXISTS `kabkot`;

CREATE TABLE `kabkot` (
  `id` int(11) NOT NULL,
  `id_prov` int(11) NOT NULL,
  `nama_kabkot` char(40) NOT NULL,
  PRIMARY KEY (`id`)
) ENGINE=InnoDB DEFAULT CHARSET=utf8mb4;

/*Data for the table `kabkot` */

LOCK TABLES `kabkot` WRITE;

insert  into `kabkot`(`id`,`id_prov`,`nama_kabkot`) values 
(1101,11,'Kabupaten Simeulue'),
(1102,11,'Kabupaten Aceh Singkil'),
(1103,11,'Kabupaten Aceh Selatan'),
(1104,11,'Kabupaten Aceh Tenggara'),
(1105,11,'Kabupaten Aceh Timur'),
(1106,11,'Kabupaten Aceh Tengah'),
(1107,11,'Kabupaten Aceh Barat'),
(1108,11,'Kabupaten Aceh Besar'),
(1109,11,'Kabupaten Pidie'),
(1110,11,'Kabupaten Bireuen'),
(1111,11,'Kabupaten Aceh Utara'),
(1112,11,'Kabupaten Aceh Barat Daya'),
(1113,11,'Kabupaten Gayo Lues'),
(1114,11,'Kabupaten Aceh Tamiang'),
(1115,11,'Kabupaten Nagan Raya'),
(1116,11,'Kabupaten Aceh Jaya'),
(1117,11,'Kabupaten Bener Meriah'),
(1118,11,'Kabupaten Pidie Jaya'),
(1171,11,'Kota Banda Aceh'),
(1172,11,'Kota Sabang'),
(1173,11,'Kota Langsa'),
(1174,11,'Kota Lhokseumawe'),
(1175,11,'Kota Subulussalam'),
(1201,12,'Kabupaten Nias'),
(1202,12,'Kabupaten Mandailing Natal'),
(1203,12,'Kabupaten Tapanuli Selatan'),
(1204,12,'Kabupaten Tapanuli Tengah'),
(1205,12,'Kabupaten Tapanuli Utara'),
(1206,12,'Kabupaten Toba Samosir'),
(1207,12,'Kabupaten Labuhan Batu'),
(1208,12,'Kabupaten Asahan'),
(1209,12,'Kabupaten Simalungun'),
(1210,12,'Kabupaten Dairi'),
(1211,12,'Kabupaten Karo'),
(1212,12,'Kabupaten Deli Serdang'),
(1213,12,'Kabupaten Langkat'),
(1214,12,'Kabupaten Nias Selatan'),
(1215,12,'Kabupaten Humbang Hasundutan'),
(1216,12,'Kabupaten Pakpak Bharat'),
(1217,12,'Kabupaten Samosir'),
(1218,12,'Kabupaten Serdang Bedagai'),
(1219,12,'Kabupaten Batu Bara'),
(1220,12,'Kabupaten Padang Lawas Utara'),
(1221,12,'Kabupaten Padang Lawas'),
(1222,12,'Kabupaten Labuhan Batu Selatan'),
(1223,12,'Kabupaten Labuhan Batu Utara'),
(1224,12,'Kabupaten Nias Utara'),
(1225,12,'Kabupaten Nias Barat'),
(1271,12,'Kota Sibolga'),
(1272,12,'Kota Tanjung Balai'),
(1273,12,'Kota Pematang Siantar'),
(1274,12,'Kota Tebing Tinggi'),
(1275,12,'Kota Medan'),
(1276,12,'Kota Binjai'),
(1277,12,'Kota Padangsidimpuan'),
(1278,12,'Kota Gunungsitoli'),
(1301,13,'Kabupaten Kepulauan Mentawai'),
(1302,13,'Kabupaten Pesisir Selatan'),
(1303,13,'Kabupaten Solok'),
(1304,13,'Kabupaten Sijunjung'),
(1305,13,'Kabupaten Tanah Datar'),
(1306,13,'Kabupaten Padang Pariaman'),
(1307,13,'Kabupaten Agam'),
(1308,13,'Kabupaten Lima Puluh Kota'),
(1309,13,'Kabupaten Pasaman'),
(1310,13,'Kabupaten Solok Selatan'),
(1311,13,'Kabupaten Dharmasraya'),
(1312,13,'Kabupaten Pasaman Barat'),
(1371,13,'Kota Padang'),
(1372,13,'Kota Solok'),
(1373,13,'Kota Sawah Lunto'),
(1374,13,'Kota Padang Panjang'),
(1375,13,'Kota Bukittinggi'),
(1376,13,'Kota Payakumbuh'),
(1377,13,'Kota Pariaman'),
(1401,14,'Kabupaten Kuantan Singingi'),
(1402,14,'Kabupaten Indragiri Hulu'),
(1403,14,'Kabupaten Indragiri Hilir'),
(1404,14,'Kabupaten Pelalawan'),
(1405,14,'Kabupaten S I A K'),
(1406,14,'Kabupaten Kampar'),
(1407,14,'Kabupaten Rokan Hulu'),
(1408,14,'Kabupaten Bengkalis'),
(1409,14,'Kabupaten Rokan Hilir'),
(1410,14,'Kabupaten Kepulauan Meranti'),
(1471,14,'Kota Pekanbaru'),
(1473,14,'Kota D U M A I'),
(1501,15,'Kabupaten Kerinci'),
(1502,15,'Kabupaten Merangin'),
(1503,15,'Kabupaten Sarolangun'),
(1504,15,'Kabupaten Batang Hari'),
(1505,15,'Kabupaten Muaro Jambi'),
(1506,15,'Kabupaten Tanjung Jabung Timur'),
(1507,15,'Kabupaten Tanjung Jabung Barat'),
(1508,15,'Kabupaten Tebo'),
(1509,15,'Kabupaten Bungo'),
(1571,15,'Kota Jambi'),
(1572,15,'Kota Sungai Penuh'),
(1601,16,'Kabupaten Ogan Komering Ulu'),
(1602,16,'Kabupaten Ogan Komering Ilir'),
(1603,16,'Kabupaten Muara Enim'),
(1604,16,'Kabupaten Lahat'),
(1605,16,'Kabupaten Musi Rawas'),
(1606,16,'Kabupaten Musi Banyuasin'),
(1607,16,'Kabupaten Banyu Asin'),
(1608,16,'Kabupaten Ogan Komering Ulu Selatan'),
(1609,16,'Kabupaten Ogan Komering Ulu Timur'),
(1610,16,'Kabupaten Ogan Ilir'),
(1611,16,'Kabupaten Empat Lawang'),
(1671,16,'Kota Palembang'),
(1672,16,'Kota Prabumulih'),
(1673,16,'Kota Pagar Alam'),
(1674,16,'Kota Lubuklinggau'),
(1701,17,'Kabupaten Bengkulu Selatan'),
(1702,17,'Kabupaten Rejang Lebong'),
(1703,17,'Kabupaten Bengkulu Utara'),
(1704,17,'Kabupaten Kaur'),
(1705,17,'Kabupaten Seluma'),
(1706,17,'Kabupaten Mukomuko'),
(1707,17,'Kabupaten Lebong'),
(1708,17,'Kabupaten Kepahiang'),
(1709,17,'Kabupaten Bengkulu Tengah'),
(1771,17,'Kota Bengkulu'),
(1801,18,'Kabupaten Lampung Barat'),
(1802,18,'Kabupaten Tanggamus'),
(1803,18,'Kabupaten Lampung Selatan'),
(1804,18,'Kabupaten Lampung Timur'),
(1805,18,'Kabupaten Lampung Tengah'),
(1806,18,'Kabupaten Lampung Utara'),
(1807,18,'Kabupaten Way Kanan'),
(1808,18,'Kabupaten Tulangbawang'),
(1809,18,'Kabupaten Pesawaran'),
(1810,18,'Kabupaten Pringsewu'),
(1811,18,'Kabupaten Mesuji'),
(1812,18,'Kabupaten Tulang Bawang Barat'),
(1871,18,'Kota Bandar Lampung'),
(1872,18,'Kota Metro'),
(1901,19,'Kabupaten Bangka'),
(1902,19,'Kabupaten Belitung'),
(1903,19,'Kabupaten Bangka Barat'),
(1904,19,'Kabupaten Bangka Tengah'),
(1905,19,'Kabupaten Bangka Selatan'),
(1906,19,'Kabupaten Belitung Timur'),
(1971,19,'Kota Pangkal Pinang'),
(2101,21,'Kabupaten Karimun'),
(2102,21,'Kabupaten Bintan'),
(2103,21,'Kabupaten Natuna'),
(2104,21,'Kabupaten Lingga'),
(2105,21,'Kabupaten Kepulauan Anambas'),
(2171,21,'Kota B A T A M'),
(2172,21,'Kota Tanjung Pinang'),
(3101,31,'Kabupaten Kepulauan Seribu'),
(3171,31,'Kota Jakarta Selatan'),
(3172,31,'Kota Jakarta Timur'),
(3173,31,'Kota Jakarta Pusat'),
(3174,31,'Kota Jakarta Barat'),
(3175,31,'Kota Jakarta Utara'),
(3201,32,'Kabupaten Bogor'),
(3202,32,'Kabupaten Sukabumi'),
(3203,32,'Kabupaten Cianjur'),
(3204,32,'Kabupaten Bandung'),
(3205,32,'Kabupaten Garut'),
(3206,32,'Kabupaten Tasikmalaya'),
(3207,32,'Kabupaten Ciamis'),
(3208,32,'Kabupaten Kuningan'),
(3209,32,'Kabupaten Cirebon'),
(3210,32,'Kabupaten Majalengka'),
(3211,32,'Kabupaten Sumedang'),
(3212,32,'Kabupaten Indramayu'),
(3213,32,'Kabupaten Subang'),
(3214,32,'Kabupaten Purwakarta'),
(3215,32,'Kabupaten Karawang'),
(3216,32,'Kabupaten Bekasi'),
(3217,32,'Kabupaten Bandung Barat'),
(3271,32,'Kota Bogor'),
(3272,32,'Kota Sukabumi'),
(3273,32,'Kota Bandung'),
(3274,32,'Kota Cirebon'),
(3275,32,'Kota Bekasi'),
(3276,32,'Kota Depok'),
(3277,32,'Kota Cimahi'),
(3278,32,'Kota Tasikmalaya'),
(3279,32,'Kota Banjar'),
(3301,33,'Kabupaten Cilacap'),
(3302,33,'Kabupaten Banyumas'),
(3303,33,'Kabupaten Purbalingga'),
(3304,33,'Kabupaten Banjarnegara'),
(3305,33,'Kabupaten Kebumen'),
(3306,33,'Kabupaten Purworejo'),
(3307,33,'Kabupaten Wonosobo'),
(3308,33,'Kabupaten Magelang'),
(3309,33,'Kabupaten Boyolali'),
(3310,33,'Kabupaten Klaten'),
(3311,33,'Kabupaten Sukoharjo'),
(3312,33,'Kabupaten Wonogiri'),
(3313,33,'Kabupaten Karanganyar'),
(3314,33,'Kabupaten Sragen'),
(3315,33,'Kabupaten Grobogan'),
(3316,33,'Kabupaten Blora'),
(3317,33,'Kabupaten Rembang'),
(3318,33,'Kabupaten Pati'),
(3319,33,'Kabupaten Kudus'),
(3320,33,'Kabupaten Jepara'),
(3321,33,'Kabupaten Demak'),
(3322,33,'Kabupaten Semarang'),
(3323,33,'Kabupaten Temanggung'),
(3324,33,'Kabupaten Kendal'),
(3325,33,'Kabupaten Batang'),
(3326,33,'Kabupaten Pekalongan'),
(3327,33,'Kabupaten Pemalang'),
(3328,33,'Kabupaten Tegal'),
(3329,33,'Kabupaten Brebes'),
(3371,33,'Kota Magelang'),
(3372,33,'Kota Surakarta'),
(3373,33,'Kota Salatiga'),
(3374,33,'Kota Semarang'),
(3375,33,'Kota Pekalongan'),
(3376,33,'Kota Tegal'),
(3401,34,'Kabupaten Kulon Progo'),
(3402,34,'Kabupaten Bantul'),
(3403,34,'Kabupaten Gunung Kidul'),
(3404,34,'Kabupaten Sleman'),
(3471,34,'Kota Yogyakarta'),
(3501,35,'Kabupaten Pacitan'),
(3502,35,'Kabupaten Ponorogo'),
(3503,35,'Kabupaten Trenggalek'),
(3504,35,'Kabupaten Tulungagung'),
(3505,35,'Kabupaten Blitar'),
(3506,35,'Kabupaten Kediri'),
(3507,35,'Kabupaten Malang'),
(3508,35,'Kabupaten Lumajang'),
(3509,35,'Kabupaten Jember'),
(3510,35,'Kabupaten Banyuwangi'),
(3511,35,'Kabupaten Bondowoso'),
(3512,35,'Kabupaten Situbondo'),
(3513,35,'Kabupaten Probolinggo'),
(3514,35,'Kabupaten Pasuruan'),
(3515,35,'Kabupaten Sidoarjo'),
(3516,35,'Kabupaten Mojokerto'),
(3517,35,'Kabupaten Jombang'),
(3518,35,'Kabupaten Nganjuk'),
(3519,35,'Kabupaten Madiun'),
(3520,35,'Kabupaten Magetan'),
(3521,35,'Kabupaten Ngawi'),
(3522,35,'Kabupaten Bojonegoro'),
(3523,35,'Kabupaten Tuban'),
(3524,35,'Kabupaten Lamongan'),
(3525,35,'Kabupaten Gresik'),
(3526,35,'Kabupaten Bangkalan'),
(3527,35,'Kabupaten Sampang'),
(3528,35,'Kabupaten Pamekasan'),
(3529,35,'Kabupaten Sumenep'),
(3571,35,'Kota Kediri'),
(3572,35,'Kota Blitar'),
(3573,35,'Kota Malang'),
(3574,35,'Kota Probolinggo'),
(3575,35,'Kota Pasuruan'),
(3576,35,'Kota Mojokerto'),
(3577,35,'Kota Madiun'),
(3578,35,'Kota Surabaya'),
(3579,35,'Kota Batu'),
(3601,36,'Kabupaten Pandeglang'),
(3602,36,'Kabupaten Lebak'),
(3603,36,'Kabupaten Tangerang'),
(3604,36,'Kabupaten Serang'),
(3671,36,'Kota Tangerang'),
(3672,36,'Kota Cilegon'),
(3673,36,'Kota Serang'),
(3674,36,'Kota Tangerang Selatan'),
(5101,51,'Kabupaten Jembrana'),
(5102,51,'Kabupaten Tabanan'),
(5103,51,'Kabupaten Badung'),
(5104,51,'Kabupaten Gianyar'),
(5105,51,'Kabupaten Klungkung'),
(5106,51,'Kabupaten Bangli'),
(5107,51,'Kabupaten Karang Asem'),
(5108,51,'Kabupaten Buleleng'),
(5171,51,'Kota Denpasar'),
(5201,52,'Kabupaten Lombok Barat'),
(5202,52,'Kabupaten Lombok Tengah'),
(5203,52,'Kabupaten Lombok Timur'),
(5204,52,'Kabupaten Sumbawa'),
(5205,52,'Kabupaten Dompu'),
(5206,52,'Kabupaten Bima'),
(5207,52,'Kabupaten Sumbawa Barat'),
(5208,52,'Kabupaten Lombok Utara'),
(5271,52,'Kota Mataram'),
(5272,52,'Kota Bima'),
(5301,53,'Kabupaten Sumba Barat'),
(5302,53,'Kabupaten Sumba Timur'),
(5303,53,'Kabupaten Kupang'),
(5304,53,'Kabupaten Timor Tengah Selatan'),
(5305,53,'Kabupaten Timor Tengah Utara'),
(5306,53,'Kabupaten Belu'),
(5307,53,'Kabupaten Alor'),
(5308,53,'Kabupaten Lembata'),
(5309,53,'Kabupaten Flores Timur'),
(5310,53,'Kabupaten Sikka'),
(5311,53,'Kabupaten Ende'),
(5312,53,'Kabupaten Ngada'),
(5313,53,'Kabupaten Manggarai'),
(5314,53,'Kabupaten Rote Ndao'),
(5315,53,'Kabupaten Manggarai Barat'),
(5316,53,'Kabupaten Sumba Tengah'),
(5317,53,'Kabupaten Sumba Barat Daya'),
(5318,53,'Kabupaten Nagekeo'),
(5319,53,'Kabupaten Manggarai Timur'),
(5320,53,'Kabupaten Sabu Raijua'),
(5371,53,'Kota Kupang'),
(6101,61,'Kabupaten Sambas'),
(6102,61,'Kabupaten Bengkayang'),
(6103,61,'Kabupaten Landak'),
(6104,61,'Kabupaten Pontianak'),
(6105,61,'Kabupaten Sanggau'),
(6106,61,'Kabupaten Ketapang'),
(6107,61,'Kabupaten Sintang'),
(6108,61,'Kabupaten Kapuas Hulu'),
(6109,61,'Kabupaten Sekadau'),
(6110,61,'Kabupaten Melawi'),
(6111,61,'Kabupaten Kayong Utara'),
(6112,61,'Kabupaten Kubu Raya'),
(6171,61,'Kota Pontianak'),
(6172,61,'Kota Singkawang'),
(6201,62,'Kabupaten Kotawaringin Barat'),
(6202,62,'Kabupaten Kotawaringin Timur'),
(6203,62,'Kabupaten Kapuas'),
(6204,62,'Kabupaten Barito Selatan'),
(6205,62,'Kabupaten Barito Utara'),
(6206,62,'Kabupaten Sukamara'),
(6207,62,'Kabupaten Lamandau'),
(6208,62,'Kabupaten Seruyan'),
(6209,62,'Kabupaten Katingan'),
(6210,62,'Kabupaten Pulang Pisau'),
(6211,62,'Kabupaten Gunung Mas'),
(6212,62,'Kabupaten Barito Timur'),
(6213,62,'Kabupaten Murung Raya'),
(6271,62,'Kota Palangka Raya'),
(6301,63,'Kabupaten Tanah Laut'),
(6302,63,'Kabupaten Kota Baru'),
(6303,63,'Kabupaten Banjar'),
(6304,63,'Kabupaten Barito Kuala'),
(6305,63,'Kabupaten Tapin'),
(6306,63,'Kabupaten Hulu Sungai Selatan'),
(6307,63,'Kabupaten Hulu Sungai Tengah'),
(6308,63,'Kabupaten Hulu Sungai Utara'),
(6309,63,'Kabupaten Tabalong'),
(6310,63,'Kabupaten Tanah Bumbu'),
(6311,63,'Kabupaten Balangan'),
(6371,63,'Kota Banjarmasin'),
(6372,63,'Kota Banjar Baru'),
(6401,64,'Kabupaten Paser'),
(6402,64,'Kabupaten Kutai Barat'),
(6403,64,'Kabupaten Kutai Kartanegara'),
(6404,64,'Kabupaten Kutai Timur'),
(6405,64,'Kabupaten Berau'),
(6406,64,'Kabupaten Malinau'),
(6407,64,'Kabupaten Bulungan'),
(6408,64,'Kabupaten Nunukan'),
(6409,64,'Kabupaten Penajam Paser Utara'),
(6410,64,'Kabupaten Tana Tidung'),
(6471,64,'Kota Balikpapan'),
(6472,64,'Kota Samarinda'),
(6473,64,'Kota Tarakan'),
(6474,64,'Kota Bontang'),
(7101,71,'Kabupaten Bolaang Mongondow'),
(7102,71,'Kabupaten Minahasa'),
(7103,71,'Kabupaten Kepulauan Sangihe'),
(7104,71,'Kabupaten Kepulauan Talaud'),
(7105,71,'Kabupaten Minahasa Selatan'),
(7106,71,'Kabupaten Minahasa Utara'),
(7107,71,'Kabupaten Bolaang Mongondow Utara'),
(7108,71,'Kabupaten Siau Tagulandang Biaro'),
(7109,71,'Kabupaten Minahasa Tenggara'),
(7110,71,'Kabupaten Bolaang Mongondow Selatan'),
(7111,71,'Kabupaten Bolaang Mongondow Timur'),
(7171,71,'Kota Manado'),
(7172,71,'Kota Bitung'),
(7173,71,'Kota Tomohon'),
(7174,71,'Kota Kotamobagu'),
(7201,72,'Kabupaten Banggai Kepulauan'),
(7202,72,'Kabupaten Banggai'),
(7203,72,'Kabupaten Morowali'),
(7204,72,'Kabupaten Poso'),
(7205,72,'Kabupaten Donggala'),
(7206,72,'Kabupaten Toli-Toli'),
(7207,72,'Kabupaten Buol'),
(7208,72,'Kabupaten Parigi Moutong'),
(7209,72,'Kabupaten Tojo Una-Una'),
(7210,72,'Kabupaten Sigi'),
(7271,72,'Kota Palu'),
(7301,73,'Kabupaten Kepulauan Selayar'),
(7302,73,'Kabupaten Bulukumba'),
(7303,73,'Kabupaten Bantaeng'),
(7304,73,'Kabupaten Jeneponto'),
(7305,73,'Kabupaten Takalar'),
(7306,73,'Kabupaten Gowa'),
(7307,73,'Kabupaten Sinjai'),
(7308,73,'Kabupaten Maros'),
(7309,73,'Kabupaten Pangkajene Dan Kepulauan'),
(7310,73,'Kabupaten Barru'),
(7311,73,'Kabupaten Bone'),
(7312,73,'Kabupaten Soppeng'),
(7313,73,'Kabupaten Wajo'),
(7314,73,'Kabupaten Sidenreng Rappang'),
(7315,73,'Kabupaten Pinrang'),
(7316,73,'Kabupaten Enrekang'),
(7317,73,'Kabupaten Luwu'),
(7318,73,'Kabupaten Tana Toraja'),
(7322,73,'Kabupaten Luwu Utara'),
(7325,73,'Kabupaten Luwu Timur'),
(7326,73,'Kabupaten Toraja Utara'),
(7371,73,'Kota Makassar'),
(7372,73,'Kota Pare-Pare'),
(7373,73,'Kota Palopo'),
(7401,74,'Kabupaten Buton'),
(7402,74,'Kabupaten Muna'),
(7403,74,'Kabupaten Konawe'),
(7404,74,'Kabupaten Kolaka'),
(7405,74,'Kabupaten Konawe Selatan'),
(7406,74,'Kabupaten Bombana'),
(7407,74,'Kabupaten Wakatobi'),
(7408,74,'Kabupaten Kolaka Utara'),
(7409,74,'Kabupaten Buton Utara'),
(7410,74,'Kabupaten Konawe Utara'),
(7471,74,'Kota Kendari'),
(7472,74,'Kota Baubau'),
(7501,75,'Kabupaten Boalemo'),
(7502,75,'Kabupaten Gorontalo'),
(7503,75,'Kabupaten Pohuwato'),
(7504,75,'Kabupaten Bone Bolango'),
(7505,75,'Kabupaten Gorontalo Utara'),
(7571,75,'Kota Gorontalo'),
(7601,76,'Kabupaten Majene'),
(7602,76,'Kabupaten Polewali Mandar'),
(7603,76,'Kabupaten Mamasa'),
(7604,76,'Kabupaten Mamuju'),
(7605,76,'Kabupaten Mamuju Utara'),
(8101,81,'Kabupaten Maluku Tenggara Barat'),
(8102,81,'Kabupaten Maluku Tenggara'),
(8103,81,'Kabupaten Maluku Tengah'),
(8104,81,'Kabupaten Buru'),
(8105,81,'Kabupaten Kepulauan Aru'),
(8106,81,'Kabupaten Seram Bagian Barat'),
(8107,81,'Kabupaten Seram Bagian Timur'),
(8108,81,'Kabupaten Maluku Barat Daya'),
(8109,81,'Kabupaten Buru Selatan'),
(8171,81,'Kota Ambon'),
(8172,81,'Kota Tual'),
(8201,82,'Kabupaten Halmahera Barat'),
(8202,82,'Kabupaten Halmahera Tengah'),
(8203,82,'Kabupaten Kepulauan Sula'),
(8204,82,'Kabupaten Halmahera Selatan'),
(8205,82,'Kabupaten Halmahera Utara'),
(8206,82,'Kabupaten Halmahera Timur'),
(8207,82,'Kabupaten Pulau Morotai'),
(8271,82,'Kota Ternate'),
(8272,82,'Kota Tidore Kepulauan'),
(9101,91,'Kabupaten Fakfak'),
(9102,91,'Kabupaten Kaimana'),
(9103,91,'Kabupaten Teluk Wondama'),
(9104,91,'Kabupaten Teluk Bintuni'),
(9105,91,'Kabupaten Manokwari'),
(9106,91,'Kabupaten Sorong Selatan'),
(9107,91,'Kabupaten Sorong'),
(9108,91,'Kabupaten Raja Ampat'),
(9109,91,'Kabupaten Tambrauw'),
(9110,91,'Kabupaten Maybrat'),
(9171,91,'Kota Sorong'),
(9401,94,'Kabupaten Merauke'),
(9402,94,'Kabupaten Jayawijaya'),
(9403,94,'Kabupaten Jayapura'),
(9404,94,'Kabupaten Nabire'),
(9408,94,'Kabupaten Kepulauan Yapen'),
(9409,94,'Kabupaten Biak Numfor'),
(9410,94,'Kabupaten Paniai'),
(9411,94,'Kabupaten Puncak Jaya'),
(9412,94,'Kabupaten Mimika'),
(9413,94,'Kabupaten Boven Digoel'),
(9414,94,'Kabupaten Mappi'),
(9415,94,'Kabupaten Asmat'),
(9416,94,'Kabupaten Yahukimo'),
(9417,94,'Kabupaten Pegunungan Bintang'),
(9418,94,'Kabupaten Tolikara'),
(9419,94,'Kabupaten Sarmi'),
(9420,94,'Kabupaten Keerom'),
(9426,94,'Kabupaten Waropen'),
(9427,94,'Kabupaten Supiori'),
(9428,94,'Kabupaten Mamberamo Raya'),
(9429,94,'Kabupaten Nduga'),
(9430,94,'Kabupaten Lanny Jaya'),
(9431,94,'Kabupaten Mamberamo Tengah'),
(9432,94,'Kabupaten Yalimo'),
(9433,94,'Kabupaten Puncak'),
(9434,94,'Kabupaten Dogiyai'),
(9435,94,'Kabupaten Intan Jaya'),
(9436,94,'Kabupaten Deiyai'),
(9471,94,'Kota Jayapura');

UNLOCK TABLES;

/*Table structure for table `kajian_resiko_provinsi` */

DROP TABLE IF EXISTS `kajian_resiko_provinsi`;

CREATE TABLE `kajian_resiko_provinsi` (
  `id` int(11) NOT NULL AUTO_INCREMENT,
  `id_prov` int(11) DEFAULT NULL,
  `nama_dinas` varchar(100) DEFAULT NULL,
  `alamat` text DEFAULT NULL,
  `telepon` varchar(50) DEFAULT NULL,
  `fax` varchar(50) DEFAULT NULL,
  `website` varchar(100) DEFAULT NULL,
  `email` varchar(100) DEFAULT NULL,
  `responder_nama_satu` varchar(100) DEFAULT NULL,
  `responder_jabatan_satu` varchar(100) DEFAULT NULL,
  `responder_no_hp_satu` varchar(50) DEFAULT NULL,
  `responder_nama_dua` varchar(100) DEFAULT NULL,
  `responder_jabatan_dua` varchar(100) DEFAULT NULL,
  `responder_no_hp_dua` varchar(50) DEFAULT NULL,
  `karakteristik_luas` varchar(20) DEFAULT NULL,
  `karakteristik_letak` varchar(44) DEFAULT NULL,
  `karakteristik_jumlah_kab_kot` varchar(10) DEFAULT NULL,
  `karakteristik_topografi` varchar(40) DEFAULT NULL,
  `karakteristik_jumlah_penduduk` varchar(20) DEFAULT NULL,
  `karakteristik_alat_komunikasi` varchar(40) DEFAULT NULL,
  `karakteristik_akses_transportasi` varchar(40) DEFAULT NULL,
  `ancam_jenis_ancaman` text DEFAULT NULL,
  `ancam_riwayat` text DEFAULT NULL,
  `kerentanan_ipm` varchar(10) DEFAULT NULL,
  `kerentanan_ipkm` varchar(10) DEFAULT NULL,
  PRIMARY KEY (`id`)
) ENGINE=InnoDB AUTO_INCREMENT=16 DEFAULT CHARSET=utf8mb4;

/*Data for the table `kajian_resiko_provinsi` */

LOCK TABLES `kajian_resiko_provinsi` WRITE;

insert  into `kajian_resiko_provinsi`(`id`,`id_prov`,`nama_dinas`,`alamat`,`telepon`,`fax`,`website`,`email`,`responder_nama_satu`,`responder_jabatan_satu`,`responder_no_hp_satu`,`responder_nama_dua`,`responder_jabatan_dua`,`responder_no_hp_dua`,`karakteristik_luas`,`karakteristik_letak`,`karakteristik_jumlah_kab_kot`,`karakteristik_topografi`,`karakteristik_jumlah_penduduk`,`karakteristik_alat_komunikasi`,`karakteristik_akses_transportasi`,`ancam_jenis_ancaman`,`ancam_riwayat`,`kerentanan_ipm`,`kerentanan_ipkm`) values 
(4,11,'Dinas kesehatan testing','alamat testing','no telpon testing','fax testing','website testing','admin@admin.com','testing nama','testing jabatan','testing responder','nama responder 2 testing','jabatan responder 2 testing','no hp responder 2 testing','luas wilayah testing','letak geografis testing','kabupaten ','topografi testing','jumlah penduduk test','alat komunikasi testing','akses transportasi testing','jenis ancaman bencana di provinsi testing','riwayat kejadian krisis kesehatan testing','ipm testin','ipkm testi'),
(5,12,'Testing Dinas Kesehatan','Testing Alamat','Testing Telepon','Testing Fax','Testing Website','Testing Email','Testing Nama Responder 1','Testing Jabatan Responder 1','Testing No HP Responder 1','Testing Nama Responder 2','Testing Jabatan Responder 2','Testing No HP Responder 2','Testing Luas Wilayah','Testing Geografis dan Batas Wilayah','Testing Ka','Testing Topografi','Testing Jumlah Pendu','Testing Alat Komunikasi','Testing Akses Transportasi','Testing Jenis ancaman bencana di provinsi','Testing riwayat kejadian krisis kesehatan','testing IP','testing IP'),
(6,14,'Testing edit','Testing edit','Testing edit','Testing edit','Testing edit','Testing edit','Testing edit','Testing edit','Testing edit','Testing edit','Testing edit','Testing edit','Testing edit','Testing edit','Testing ed','Testing edit','Testing edit','Testing edit','Testing edit','Testing edit','Testing edit','Testing ed','Testing ed'),
(7,12,'lkjhojo','ioji','joiji','ijoj','jio','ijo','ijo','ijo','joij','iojio','jio','joi','joi','joi','jio','joi','ijo','ijo','ij','ji','ijooij','oij','oij'),
(8,11,'Testing Dinas Kesehatan','Testing Alamat','Testing Telepon','Testing Fax','Testing Website','Testing Email','Testing Nama Responder 1','Testing Jabatan Responder 1','Testing No HP Responder 1','Testing Nama Responder 2','Testing Jabatan Responder 2','Testing No HP Responder 2','Testing Luas Wilayah','Testing Geografis dan Batas Wilayah',NULL,'Testing Topografi','Testing Jumlah Pendu','Testing Alat Komunikasi','Testing Akses Transportasi','Testing jenis ancaman','testing riwayat kejadian','testing IP','testing IP'),
(9,11,'Testing Dinas Kesehatan','Testing Alamat','Testing Telepon','Testing Fax','Testing Website','admin@admin.com','Testing Nama Responder 1','Testing Jabatan Responder 1','Testing No HP Responder 1','Testing Nama Responder 2','Testing Jabatan Responder 2','Testing No HP Responder 2','Testing Luas Wilayah','Testing Geografis dan Batas Wilayah','Testing Ka','Testing Topografi','Testing Jumlah Pendu','Testing Alat Komunikasi','Testing Akses Transportasi','testing jenis ancaman','testing riwayat kejadian','testing IP','testing IP'),
(10,11,'','','','','','','','','','','','','','','','','','','','','','',''),
(11,12,'','','','','','','','','','','','','','','','','','','','','','',''),
(12,12,'','','','','','','','','','','','','','','','','','','','','','',''),
(13,13,'','','','','','','','','','','','','','','','','','','','','','',''),
(14,14,'','','','','','','','','','','','','','','','','','','','','','',''),
(15,73,'','','','','','','','','','','','','','','','','','','','','','','');

UNLOCK TABLES;

/*Table structure for table `kapasitas_kajian_resiko_provinsi` */

DROP TABLE IF EXISTS `kapasitas_kajian_resiko_provinsi`;

CREATE TABLE `kapasitas_kajian_resiko_provinsi` (
  `id` int(11) NOT NULL AUTO_INCREMENT,
  `id_kajian_resiko_provinsi` int(11) DEFAULT NULL,
  `kebijakan_peraturan` enum('ada','tidak ada') DEFAULT NULL,
  `kebijakan_sk` enum('ada','tidak ada') DEFAULT NULL,
  `kebijakan_sop` enum('ada','tidak ada') DEFAULT NULL,
  `kebijakan_koordinasi` enum('rutin','sewaktu-waktu','tidak pernah') DEFAULT NULL,
  `kebijakan_unit` enum('ada','tidak ada') DEFAULT NULL,
  `kebijakan_sk_klaster` enum('ada','tidak ada') DEFAULT NULL,
  `kebijakan_dinas_identifikasi` enum('ya','tidak') DEFAULT NULL,
  `kebijakan_dinas_mou_lembaga` enum('ya','tidak') DEFAULT NULL,
  `penguatan_bina_teknis` enum('melakukan','tidak melakukan') DEFAULT NULL,
  `penguatan_sdm` enum('ada','tidak ada') DEFAULT NULL,
  `penguatan_tim_rha` enum('memiliki','tidak memiliki') DEFAULT NULL,
  `penguatan_phrrt` enum('memiliki','tidak memiliki') DEFAULT NULL,
  `penguatan_emt` enum('memiliki','tidak memiliki') DEFAULT NULL,
  `penguatan_sop` enum('ada','tidak ada') DEFAULT NULL,
  `penguatan_petugas_managemen` enum('memiliki','tidak memiliki') DEFAULT NULL,
  `penguatan_petugas_medis` enum('memiliki','tidak memiliki') DEFAULT NULL,
  `penguatan_petugas_non_medis` enum('memiliki','tidak memiliki') DEFAULT NULL,
  `penguatan_memetakan_petugas` enum('melakukan','tidak melakukan') DEFAULT NULL,
  `penguatan_peningkatan` enum('melakukan','tidak melakukan') DEFAULT NULL,
  `peringatan_sosialisasi` enum('melakukan','tidak melakukan') DEFAULT NULL,
  `peringatan_sistem` enum('melakukan','tidak melakukan') DEFAULT NULL,
  `mitigasi_bina_teknis` enum('melakukan','tidak melakukan') DEFAULT NULL,
  `mitigasi_peningkatan` enum('melakukan','tidak melakukan') DEFAULT NULL,
  `mitigasi_peta_sdm` enum('ada','tidak ada') DEFAULT NULL,
  `mitigasi_peta_kelompok_rentan` enum('ada','tidak ada') DEFAULT NULL,
  `mitigasi_peta_ancaman` enum('ada','tidak ada') DEFAULT NULL,
  `mitigasi_alokasi_anggaran` enum('ada','tidak ada') DEFAULT NULL,
  `mitigasi_data_kejadian` enum('ada','tidak ada') DEFAULT NULL,
  `mitigasi_kontak_person` enum('ada','tidak ada') DEFAULT NULL,
  `mitigasi_media_informasi` enum('ada','tidak ada') DEFAULT NULL,
  `mitigasi_sarana_pengumpulan_data` enum('ada','tidak ada') DEFAULT NULL,
  `mitigasi_sistem_pemantauan` enum('ada','tidak ada') DEFAULT NULL,
  `kesiapsiaga_fasilitas` enum('melakukan','tidak melakukan') DEFAULT NULL,
  `kesiapsiaga_dok_rekon` enum('ada','tidak ada') DEFAULT NULL,
  `kesiapsiaga_sop_obat` enum('ada','tidak ada') DEFAULT NULL,
  `kesiapsiaga_sop_bantuan_relawan` enum('ada','tidak ada') DEFAULT NULL,
  `kesiapsiaga_sop_pemantauan` enum('ada','tidak ada') DEFAULT NULL,
  `kesiapsiaga_sop_pelaporan` enum('ada','tidak ada') DEFAULT NULL,
  `kesiapsiaga_sop_pelayanan_rujukan` enum('ada','tidak_ada') DEFAULT NULL,
  `kesiapsiaga_sop_pelayanan_kesehatan` enum('ada','tidak ada') DEFAULT NULL,
  `kesiapsiaga_dana_tak_terduga` enum('ada','tidak ada') DEFAULT NULL,
  `kesiapsiaga_paham_dsp_bnpb` enum('ada','tidak ada') DEFAULT NULL,
  `kesiapsiaga_sarana_khusus` enum('memiliki','tidak memiliki') DEFAULT NULL,
  `kesiapsiaga_sesuai_sarana` enum('ya','tidak') DEFAULT NULL,
  `kesiapsiaga_kecukupan_sarana` enum('ya','tidak') DEFAULT NULL,
  PRIMARY KEY (`id`)
) ENGINE=InnoDB AUTO_INCREMENT=12 DEFAULT CHARSET=utf8mb4;

/*Data for the table `kapasitas_kajian_resiko_provinsi` */

LOCK TABLES `kapasitas_kajian_resiko_provinsi` WRITE;

insert  into `kapasitas_kajian_resiko_provinsi`(`id`,`id_kajian_resiko_provinsi`,`kebijakan_peraturan`,`kebijakan_sk`,`kebijakan_sop`,`kebijakan_koordinasi`,`kebijakan_unit`,`kebijakan_sk_klaster`,`kebijakan_dinas_identifikasi`,`kebijakan_dinas_mou_lembaga`,`penguatan_bina_teknis`,`penguatan_sdm`,`penguatan_tim_rha`,`penguatan_phrrt`,`penguatan_emt`,`penguatan_sop`,`penguatan_petugas_managemen`,`penguatan_petugas_medis`,`penguatan_petugas_non_medis`,`penguatan_memetakan_petugas`,`penguatan_peningkatan`,`peringatan_sosialisasi`,`peringatan_sistem`,`mitigasi_bina_teknis`,`mitigasi_peningkatan`,`mitigasi_peta_sdm`,`mitigasi_peta_kelompok_rentan`,`mitigasi_peta_ancaman`,`mitigasi_alokasi_anggaran`,`mitigasi_data_kejadian`,`mitigasi_kontak_person`,`mitigasi_media_informasi`,`mitigasi_sarana_pengumpulan_data`,`mitigasi_sistem_pemantauan`,`kesiapsiaga_fasilitas`,`kesiapsiaga_dok_rekon`,`kesiapsiaga_sop_obat`,`kesiapsiaga_sop_bantuan_relawan`,`kesiapsiaga_sop_pemantauan`,`kesiapsiaga_sop_pelaporan`,`kesiapsiaga_sop_pelayanan_rujukan`,`kesiapsiaga_sop_pelayanan_kesehatan`,`kesiapsiaga_dana_tak_terduga`,`kesiapsiaga_paham_dsp_bnpb`,`kesiapsiaga_sarana_khusus`,`kesiapsiaga_sesuai_sarana`,`kesiapsiaga_kecukupan_sarana`) values 
(7,4,'tidak ada','tidak ada','tidak ada','tidak pernah','tidak ada','tidak ada','tidak','tidak','tidak melakukan','tidak ada','tidak memiliki','tidak memiliki','tidak memiliki','tidak ada','tidak memiliki','tidak memiliki','tidak memiliki','tidak melakukan','tidak melakukan','tidak melakukan','tidak melakukan','tidak melakukan','tidak melakukan','tidak ada','tidak ada','tidak ada','tidak ada','tidak ada','tidak ada','tidak ada','tidak ada','tidak ada','tidak melakukan','tidak ada','tidak ada','tidak ada','tidak ada','tidak ada','','tidak ada','tidak ada','tidak ada','tidak memiliki','tidak','tidak'),
(10,5,'tidak ada','tidak ada','tidak ada','tidak pernah','tidak ada','tidak ada','tidak','tidak','tidak melakukan','tidak ada','tidak memiliki','tidak memiliki','tidak memiliki','tidak ada','tidak memiliki','tidak memiliki','tidak memiliki','tidak melakukan','tidak melakukan','tidak melakukan','tidak melakukan','tidak melakukan','tidak melakukan','tidak ada','tidak ada','tidak ada','tidak ada','tidak ada','tidak ada','tidak ada','tidak ada','tidak ada','tidak melakukan','tidak ada','tidak ada','tidak ada','tidak ada','tidak ada','','tidak ada','tidak ada','tidak ada','tidak memiliki','tidak','tidak'),
(11,7,'tidak ada','tidak ada','tidak ada','tidak pernah','tidak ada','tidak ada','tidak','tidak','tidak melakukan','tidak ada','tidak memiliki','tidak memiliki','tidak memiliki','tidak ada','tidak memiliki','tidak memiliki','tidak memiliki','tidak melakukan','tidak melakukan','tidak melakukan','tidak melakukan','tidak melakukan','tidak melakukan','tidak ada','tidak ada','tidak ada','tidak ada','tidak ada','tidak ada','tidak ada','tidak ada','tidak ada','tidak melakukan','tidak ada','tidak ada','tidak ada','tidak ada','tidak ada','','tidak ada','tidak ada','tidak ada','tidak memiliki','tidak','tidak');

UNLOCK TABLES;

/*Table structure for table `kapasitas_kuesioner_kajian_resiko_kabkot` */

DROP TABLE IF EXISTS `kapasitas_kuesioner_kajian_resiko_kabkot`;

CREATE TABLE `kapasitas_kuesioner_kajian_resiko_kabkot` (
  `id` int(11) NOT NULL AUTO_INCREMENT,
  `id_kuesioner_kajian_resiko_kabkot` int(11) DEFAULT NULL,
  `kebijakan_peraturan` enum('ada','tidak ada') DEFAULT NULL,
  `kebijakan_sk` enum('ada','tidak ada') DEFAULT NULL,
  `kebijakan_sop` enum('ada','tidak ada') DEFAULT NULL,
  `kebijakan_koordinasi` enum('rutin','sewaktu-waktu','tidak pernah') DEFAULT NULL,
  `kebijakan_unit` enum('ada','tidak ada') DEFAULT NULL,
  `kebijakan_sk_klaster` enum('ada','tidak ada') DEFAULT NULL,
  `kebijakan_dinas_identifikasi` enum('melakukan','tidak melakukan') DEFAULT NULL,
  `kebijakan_dinas_mou_lembaga` enum('ya','tidak') DEFAULT NULL,
  `penguatan_jumlah_seluruh_fas_pel_kes` varchar(15) DEFAULT NULL,
  `penguatan_jumlah_puskesmas` varchar(15) DEFAULT NULL,
  `penguatan_jumlah_rs` varchar(15) DEFAULT NULL,
  `penguatan_kapasitas_tempat_tidur_rs` varchar(15) DEFAULT NULL,
  `penguatan_proporsi_rs_memiliki_tim` varchar(15) DEFAULT NULL,
  `penguatan_dinkes_memiliki_program` enum('memiliki','tidak memiliki') DEFAULT NULL,
  `penguatan_dinkes_memfasilitasi` enum('ya, sebagian atau seluruh','ya, sebagian kecil','belum ada') DEFAULT NULL,
  `penguatan_jumlah_dokter_spesialis` varchar(15) DEFAULT NULL,
  `penguatan_jumlah_dokter_umum` varchar(15) DEFAULT NULL,
  `penguatan_jumlah_bidan` varchar(15) DEFAULT NULL,
  `penguatan_jumlah_perawat` varchar(15) DEFAULT NULL,
  `penguatan_ketenagaan_unit` enum('ada','tidak ada') DEFAULT NULL,
  `penguatan_tim_rha` enum('memiliki','tidak memiliki') DEFAULT NULL,
  `penguatan_tim_penyelidikan_epidemiologi` enum('memiliki','tidak memiliki') DEFAULT NULL,
  `penguatan_tim_reaksi_cepat` enum('memiliki','tidak memiliki') DEFAULT NULL,
  `penguatan_memetakan_petugas` enum('melakukan','tidak melakukan') DEFAULT NULL,
  `penguatan_sop` enum('ada','tidak ada') DEFAULT NULL,
  `penguatan_petugas_managemen` enum('memiliki','tidak memiliki') DEFAULT NULL,
  `penguatan_petugas_medis` enum('memiliki','tidak memiliki') DEFAULT NULL,
  `penguatan_petugas_non_medis` enum('memiliki','tidak memiliki') DEFAULT NULL,
  `penguatan_peningkatan` enum('ada','tidak ada') DEFAULT NULL,
  `peringatan_sistem` enum('ya, sebagian atau seluruh','ya, sebagian kecil','tidak ada') DEFAULT NULL,
  `mitigasi_fasilitas_kepada_masyarakat` enum('melakukan','tidak melakukan') DEFAULT NULL,
  `mitigasi_peta_kapasitas` enum('memiliki','tidak memiliki') DEFAULT NULL,
  `mitigasi_peta_kelompok_rentan` enum('memiliki','tidak memiliki') DEFAULT NULL,
  `mitigasi_peta_ancaman` enum('memiliki','tidak memiliki') DEFAULT NULL,
  `mitigasi_alokasi_anggaran` enum('ya','tidak') DEFAULT NULL,
  `mitigasi_data_kejadian` enum('ada','tidak ada') DEFAULT NULL,
  `mitigasi_kontak_person` enum('ada','tidak ada') DEFAULT NULL,
  `mitigasi_media_informasi` enum('ada','tidak ada') DEFAULT NULL,
  `mitigasi_sarana_pengumpulan_data` enum('ada','tidak ada') DEFAULT NULL,
  `mitigasi_sistem_pemantauan` enum('ada','tidak ada') DEFAULT NULL,
  `kesiapsiaga_menyusun_rencana` enum('ada','tidak ada') DEFAULT NULL,
  `kesiapsiaga_melakukan_simulasi` enum('melakukan','tidak melakukan') DEFAULT NULL,
  `kesiapsiaga_sop_penaganan` enum('memiliki','tidak memiliki') DEFAULT NULL,
  `kesiapsiaga_sop_obat` enum('memiliki','tidak memiliki') DEFAULT NULL,
  `kesiapsiaga_sop_bantuan_relawan` enum('memiliki','tidak memiliki') DEFAULT NULL,
  `kesiapsiaga_sop_pemantauan` enum('memiliki','tidak memiliki') DEFAULT NULL,
  `kesiapsiaga_sop_pelaporan` enum('memiliki','tidak memiliki') DEFAULT NULL,
  `kesiapsiaga_sop_pelayanan_rujukan` enum('memiliki','tidak memiliki') DEFAULT NULL,
  `kesiapsiaga_sop_pelayanan_kesehatan` enum('memiliki','tidak memiliki') DEFAULT NULL,
  `kesiapsiaga_dana_tak_terduga` enum('ya','tidak') DEFAULT NULL,
  `kesiapsiaga_paham_dsp_bnpb` enum('ya','tidak') DEFAULT NULL,
  `kesiapsiaga_sarana` enum('memiliki','tidak memiliki') DEFAULT NULL,
  `kesiapsiaga_sesuai_sarana` enum('ya','tidak') DEFAULT NULL,
  `kesiapsiaga_kecukupan_sarana` enum('ya','tidak') DEFAULT NULL,
  `kesiapsiaga_psc_24jam` enum('memiliki','tidak memiliki') DEFAULT NULL,
  PRIMARY KEY (`id`)
) ENGINE=InnoDB AUTO_INCREMENT=5 DEFAULT CHARSET=utf8mb4;

/*Data for the table `kapasitas_kuesioner_kajian_resiko_kabkot` */

LOCK TABLES `kapasitas_kuesioner_kajian_resiko_kabkot` WRITE;

UNLOCK TABLES;

/*Table structure for table `kec` */

DROP TABLE IF EXISTS `kec`;

CREATE TABLE `kec` (
  `id_prov` int(11) NOT NULL,
  `id_kabkot` int(11) NOT NULL,
  `id` int(11) NOT NULL,
  `nama_kec` char(40) NOT NULL,
  PRIMARY KEY (`id`)
) ENGINE=InnoDB DEFAULT CHARSET=utf8mb4;

/*Data for the table `kec` */

LOCK TABLES `kec` WRITE;

insert  into `kec`(`id_prov`,`id_kabkot`,`id`,`nama_kec`) values 
(11,1101,1101010,'Teupah Selatan'),
(11,1101,1101020,'Simeulue Timur'),
(11,1101,1101021,'Teupah Barat'),
(11,1101,1101030,'Simeulue Tengah'),
(11,1101,1101031,'Teluk Dalam'),
(11,1101,1101040,'Salang'),
(11,1101,1101050,'Simeulue Barat'),
(11,1101,1101051,'Alafan'),
(11,1102,1102010,'Pulau Banyak'),
(11,1102,1102011,'Pulau Banyak Barat'),
(11,1102,1102020,'Singkil'),
(11,1102,1102021,'Singkil Utara'),
(11,1102,1102022,'Kuala Baru'),
(11,1102,1102030,'Simpang Kanan'),
(11,1102,1102031,'Gunung Meriah'),
(11,1102,1102032,'Danau Paris'),
(11,1102,1102033,'Suro'),
(11,1102,1102042,'Singkohor'),
(11,1102,1102043,'Kota Baharu'),
(11,1103,1103010,'Trumon'),
(11,1103,1103011,'Trumon Timur'),
(11,1103,1103012,'Trumon Tengah'),
(11,1103,1103020,'Bakongan'),
(11,1103,1103021,'Bakongan Timur'),
(11,1103,1103022,'Kota Bahagia'),
(11,1103,1103030,'Kluet Selatan'),
(11,1103,1103031,'Kluet Timur'),
(11,1103,1103040,'Kluet Utara'),
(11,1103,1103041,'Pasie Raja'),
(11,1103,1103042,'Kluet Tengah'),
(11,1103,1103050,'Tapak Tuan'),
(11,1103,1103060,'Sama Dua'),
(11,1103,1103070,'Sawang'),
(11,1103,1103080,'Meukek'),
(11,1103,1103090,'Labuhan Haji'),
(11,1103,1103091,'Labuhan Haji Timur'),
(11,1103,1103092,'Labuhan Haji Barat'),
(11,1104,1104010,'Lawe Alas'),
(11,1104,1104011,'Babul Rahmad'),
(11,1104,1104012,'Tanoh Alas'),
(11,1104,1104020,'Lawe Sigala-Gala'),
(11,1104,1104021,'Babul Makmur'),
(11,1104,1104022,'Semadam'),
(11,1104,1104023,'Lauser'),
(11,1104,1104030,'Bambel'),
(11,1104,1104031,'Bukit Tusam'),
(11,1104,1104032,'Lawe Sumur'),
(11,1104,1104040,'Babussalam'),
(11,1104,1104041,'Lawe Bulan'),
(11,1104,1104050,'Badar'),
(11,1104,1104051,'Darul Hasanah'),
(11,1104,1104052,'Ketambe'),
(11,1104,1104053,'Deleng Pokhkisen'),
(11,1105,1105080,'Serba Jadi'),
(11,1105,1105081,'Simpang Jernih'),
(11,1105,1105082,'Peunaron'),
(11,1105,1105090,'Birem Bayeun'),
(11,1105,1105100,'Rantau Selamat'),
(11,1105,1105101,'Sungai Raya'),
(11,1105,1105110,'Peureulak'),
(11,1105,1105111,'Peureulak Timur'),
(11,1105,1105112,'Peureulak Barat'),
(11,1105,1105120,'Ranto Peureulak'),
(11,1105,1105130,'Idi Rayeuk'),
(11,1105,1105131,'Peudawa'),
(11,1105,1105132,'Banda Alam'),
(11,1105,1105133,'Idi Tunong'),
(11,1105,1105134,'Darul Ihsan'),
(11,1105,1105135,'Idi Timur'),
(11,1105,1105140,'Darul Aman'),
(11,1105,1105150,'Nurussalam'),
(11,1105,1105151,'Darul Falah'),
(11,1105,1105160,'Julok'),
(11,1105,1105161,'Indra Makmur'),
(11,1105,1105170,'Pante Bidari'),
(11,1105,1105180,'Simpang Ulim'),
(11,1105,1105181,'Madat'),
(11,1106,1106010,'Linge'),
(11,1106,1106011,'Atu Lintang'),
(11,1106,1106012,'Jagong Jeget'),
(11,1106,1106020,'Bintang'),
(11,1106,1106031,'Lut Tawar'),
(11,1106,1106032,'Kebayakan'),
(11,1106,1106040,'Pegasing'),
(11,1106,1106041,'Bies'),
(11,1106,1106050,'Bebesen'),
(11,1106,1106051,'Kute Panang'),
(11,1106,1106060,'Silih Nara'),
(11,1106,1106061,'Ketol'),
(11,1106,1106062,'Celala'),
(11,1106,1106063,'Rusip Antara'),
(11,1107,1107050,'Johan Pahlawan'),
(11,1107,1107060,'Samatiga'),
(11,1107,1107061,'Bubon'),
(11,1107,1107062,'Arongan Lambalek'),
(11,1107,1107070,'Woyla'),
(11,1107,1107071,'Woyla Barat'),
(11,1107,1107072,'Woyla Timur'),
(11,1107,1107080,'Kaway Xvi'),
(11,1107,1107081,'Meureubo'),
(11,1107,1107082,'Pantai Ceuremen'),
(11,1107,1107083,'Panton Reu'),
(11,1107,1107090,'Sungai Mas'),
(11,1108,1108010,'Lhoong'),
(11,1108,1108020,'Lhoknga'),
(11,1108,1108021,'Leupung'),
(11,1108,1108030,'Indrapuri'),
(11,1108,1108031,'Kuta Cot Glie'),
(11,1108,1108040,'Seulimeum'),
(11,1108,1108041,'Kota Jantho'),
(11,1108,1108042,'Lembah Seulawah'),
(11,1108,1108050,'Mesjid Raya'),
(11,1108,1108060,'Darussalam'),
(11,1108,1108061,'Baitussalam'),
(11,1108,1108070,'Kuta Baro'),
(11,1108,1108080,'Montasik'),
(11,1108,1108081,'Blang Bintang'),
(11,1108,1108090,'Ingin Jaya'),
(11,1108,1108091,'Krueng Barona Jaya'),
(11,1108,1108100,'Suka Makmur'),
(11,1108,1108101,'Kuta Malaka'),
(11,1108,1108102,'Simpang Tiga'),
(11,1108,1108110,'Darul Imarah'),
(11,1108,1108111,'Darul Kamal'),
(11,1108,1108120,'Peukan Bada'),
(11,1108,1108130,'Pulo Aceh'),
(11,1109,1109010,'Geumpang'),
(11,1109,1109011,'Mane'),
(11,1109,1109070,'Glumpang Tiga'),
(11,1109,1109071,'Glumpang Baro'),
(11,1109,1109080,'Mutiara'),
(11,1109,1109081,'Mutiara Timur'),
(11,1109,1109090,'Tiro/Truseb'),
(11,1109,1109100,'Tangse'),
(11,1109,1109111,'Keumala'),
(11,1109,1109112,'Titeue'),
(11,1109,1109120,'Sakti'),
(11,1109,1109130,'Mila'),
(11,1109,1109140,'Padang Tiji'),
(11,1109,1109150,'Delima'),
(11,1109,1109151,'Grong Grong'),
(11,1109,1109160,'Indrajaya'),
(11,1109,1109170,'Peukan Baro'),
(11,1109,1109180,'Kembang Tanjong'),
(11,1109,1109190,'Simpang Tiga'),
(11,1109,1109200,'Kota Sigli'),
(11,1109,1109210,'Pidie'),
(11,1109,1109220,'Batee'),
(11,1109,1109230,'Muara Tiga'),
(11,1110,1110010,'Samalanga'),
(11,1110,1110011,'Simpang Mamplam'),
(11,1110,1110020,'Pandrah'),
(11,1110,1110030,'Jeunieb'),
(11,1110,1110031,'Peulimbang'),
(11,1110,1110040,'Peudada'),
(11,1110,1110050,'Juli'),
(11,1110,1110060,'Jeumpa'),
(11,1110,1110061,'Kota Juang'),
(11,1110,1110062,'Kuala'),
(11,1110,1110070,'Jangka'),
(11,1110,1110080,'Peusangan'),
(11,1110,1110081,'Peusangan Selatan'),
(11,1110,1110082,'Peusangan Siblah Krueng'),
(11,1110,1110090,'Makmur'),
(11,1110,1110100,'Ganda Pura'),
(11,1110,1110101,'Kuta Blang'),
(11,1111,1111010,'Sawang'),
(11,1111,1111020,'Nisam'),
(11,1111,1111021,'Nisam Antara'),
(11,1111,1111022,'Banda Baro'),
(11,1111,1111030,'Kuta Makmur'),
(11,1111,1111031,'Simpang Keramat'),
(11,1111,1111040,'Syamtalira Bayu'),
(11,1111,1111041,'Geureudong Pase'),
(11,1111,1111050,'Meurah Mulia'),
(11,1111,1111060,'Matangkuli'),
(11,1111,1111061,'Paya Bakong'),
(11,1111,1111062,'Pirak Timu'),
(11,1111,1111070,'Cot Girek'),
(11,1111,1111080,'Tanah Jambo Aye'),
(11,1111,1111081,'Langkahan'),
(11,1111,1111090,'Seunudon'),
(11,1111,1111100,'Baktiya'),
(11,1111,1111101,'Baktiya Barat'),
(11,1111,1111110,'Lhoksukon'),
(11,1111,1111120,'Tanah Luas'),
(11,1111,1111121,'Nibong'),
(11,1111,1111130,'Samudera'),
(11,1111,1111140,'Syamtalira Aron'),
(11,1111,1111150,'Tanah Pasir'),
(11,1111,1111151,'Lapang'),
(11,1111,1111160,'Muara Batu'),
(11,1111,1111170,'Dewantara'),
(11,1112,1112010,'Manggeng'),
(11,1112,1112011,'Lembah Sabil'),
(11,1112,1112020,'Tangan-Tangan'),
(11,1112,1112021,'Setia'),
(11,1112,1112030,'Blang Pidie'),
(11,1112,1112031,'Jeumpa'),
(11,1112,1112040,'Susoh'),
(11,1112,1112050,'Kuala Batee'),
(11,1112,1112060,'Babah Rot'),
(11,1113,1113010,'Kuta Panjang'),
(11,1113,1113011,'Blang Jerango'),
(11,1113,1113020,'Blangkejeren'),
(11,1113,1113021,'Putri Betung'),
(11,1113,1113022,'Dabun Gelang'),
(11,1113,1113023,'Blang Pegayon'),
(11,1113,1113030,'Pining'),
(11,1113,1113040,'Rikit Gaib'),
(11,1113,1113041,'Pantan Cuaca'),
(11,1113,1113050,'Terangun'),
(11,1113,1113051,'Tripe Jaya'),
(11,1114,1114010,'Tamiang Hulu'),
(11,1114,1114011,'Bandar Pusaka'),
(11,1114,1114020,'Kejuruan Muda'),
(11,1114,1114021,'Tenggulun'),
(11,1114,1114030,'Rantau'),
(11,1114,1114040,'Kota Kuala Simpang'),
(11,1114,1114050,'Seuruway'),
(11,1114,1114060,'Bendahara'),
(11,1114,1114061,'Banda Mulia'),
(11,1114,1114070,'Karang Baru'),
(11,1114,1114071,'Sekerak'),
(11,1114,1114080,'Manyak Payed'),
(11,1115,1115010,'Darul Makmur'),
(11,1115,1115011,'Tripa Makmur'),
(11,1115,1115020,'Kuala'),
(11,1115,1115021,'Kuala Pesisir'),
(11,1115,1115022,'Tadu Raya'),
(11,1115,1115030,'Beutong'),
(11,1115,1115031,'Beutong Ateuh Banggalang'),
(11,1115,1115040,'Seunagan'),
(11,1115,1115041,'Suka Makmue'),
(11,1115,1115050,'Seunagan Timur'),
(11,1116,1116010,'Teunom'),
(11,1116,1116011,'Pasie Raya'),
(11,1116,1116020,'Panga'),
(11,1116,1116030,'Krueng Sabee'),
(11,1116,1116040,'Setia Bakti'),
(11,1116,1116050,'Sampoiniet'),
(11,1116,1116051,'Darul Hikmah'),
(11,1116,1116060,'Jaya'),
(11,1116,1116061,'Indra Jaya'),
(11,1117,1117010,'Timang Gajah'),
(11,1117,1117011,'Gajah Putih'),
(11,1117,1117020,'Pintu Rime Gayo'),
(11,1117,1117030,'Bukit'),
(11,1117,1117040,'Wih Pesam'),
(11,1117,1117050,'Bandar'),
(11,1117,1117051,'Bener Kelipah'),
(11,1117,1117060,'Syiah Utama'),
(11,1117,1117061,'Mesidah'),
(11,1117,1117070,'Permata'),
(11,1118,1118010,'Meureudu'),
(11,1118,1118020,'Meurah Dua'),
(11,1118,1118030,'Bandar Dua'),
(11,1118,1118040,'Jangka Buya'),
(11,1118,1118050,'Ulim'),
(11,1118,1118060,'Trienggadeng'),
(11,1118,1118070,'Panteraja'),
(11,1118,1118080,'Bandar Baru'),
(11,1171,1171010,'Meuraxa'),
(11,1171,1171011,'Jaya Baru'),
(11,1171,1171012,'Banda Raya'),
(11,1171,1171020,'Baiturrahman'),
(11,1171,1171021,'Lueng Bata'),
(11,1171,1171030,'Kuta Alam'),
(11,1171,1171031,'Kuta Raja'),
(11,1171,1171040,'Syiah Kuala'),
(11,1171,1171041,'Ulee Kareng'),
(11,1172,1172010,'Sukajaya'),
(11,1172,1172020,'Sukakarya'),
(11,1173,1173010,'Langsa Timur'),
(11,1173,1173011,'Langsa Lama'),
(11,1173,1173020,'Langsa Barat'),
(11,1173,1173021,'Langsa Baro'),
(11,1173,1173030,'Langsa Kota'),
(11,1174,1174010,'Blang Mangat'),
(11,1174,1174020,'Muara Dua'),
(11,1174,1174021,'Muara Satu'),
(11,1174,1174030,'Banda Sakti'),
(11,1175,1175010,'Simpang Kiri'),
(11,1175,1175020,'Penanggalan'),
(11,1175,1175030,'Rundeng'),
(11,1175,1175040,'Sultan Daulat'),
(11,1175,1175050,'Longkib'),
(12,1201,1201060,'Idano Gawo'),
(12,1201,1201061,'Bawolato'),
(12,1201,1201062,'Ulugawo'),
(12,1201,1201070,'Gido'),
(12,1201,1201081,'Ma U'),
(12,1201,1201082,'Somolo - Molo'),
(12,1201,1201130,'Hiliduho'),
(12,1201,1201131,'Hili Serangkai'),
(12,1201,1201132,'Botomuzoi'),
(12,1202,1202010,'Batahan'),
(12,1202,1202011,'Sinunukan'),
(12,1202,1202020,'Batang Natal'),
(12,1202,1202021,'Lingga Bayu'),
(12,1202,1202022,'Ranto Baek'),
(12,1202,1202030,'Kotanopan'),
(12,1202,1202031,'Ulu Pungkut'),
(12,1202,1202032,'Tambangan'),
(12,1202,1202033,'Lembah Sorik Marapi'),
(12,1202,1202034,'Puncak Sorik Marapi'),
(12,1202,1202040,'Muara Sipongi'),
(12,1202,1202041,'Pakantan'),
(12,1202,1202050,'Panyabungan'),
(12,1202,1202051,'Panyabungan Selatan'),
(12,1202,1202052,'Panyabungan Barat'),
(12,1202,1202053,'Panyabungan Utara'),
(12,1202,1202054,'Panyabungan Timur'),
(12,1202,1202055,'Huta Bargot'),
(12,1202,1202060,'Natal'),
(12,1202,1202070,'Muara Batang Gadis'),
(12,1202,1202080,'Siabu'),
(12,1202,1202081,'Bukit Malintang'),
(12,1202,1202082,'Naga Juang'),
(12,1203,1203010,'Batang Angkola'),
(12,1203,1203011,'Sayur Matinggi'),
(12,1203,1203012,'Tano Tombangan Angkola'),
(12,1203,1203070,'Angkola Timur'),
(12,1203,1203080,'Angkola Selatan'),
(12,1203,1203090,'Angkola Barat'),
(12,1203,1203091,'Angkola Sangkunur'),
(12,1203,1203100,'Batang Toru'),
(12,1203,1203101,'Marancar'),
(12,1203,1203102,'Muara Batang Toru'),
(12,1203,1203110,'Sipirok'),
(12,1203,1203120,'Arse'),
(12,1203,1203160,'Saipar Dolok Hole'),
(12,1203,1203161,'Aek Bilah'),
(12,1204,1204010,'Pinang Sori'),
(12,1204,1204011,'Badiri'),
(12,1204,1204020,'Sibabangun'),
(12,1204,1204021,'Lumut'),
(12,1204,1204022,'Sukabangun'),
(12,1204,1204030,'Pandan'),
(12,1204,1204031,'Tukka'),
(12,1204,1204032,'Sarudik'),
(12,1204,1204040,'Tapian Nauli'),
(12,1204,1204041,'Sitahuis'),
(12,1204,1204050,'Kolang'),
(12,1204,1204060,'Sorkam'),
(12,1204,1204061,'Sorkam Barat'),
(12,1204,1204062,'Pasaribu Tobing'),
(12,1204,1204070,'Barus'),
(12,1204,1204071,'Sosor Gadong'),
(12,1204,1204072,'Andam Dewi'),
(12,1204,1204073,'Barus Utara'),
(12,1204,1204080,'Manduamas'),
(12,1204,1204081,'Sirandorung'),
(12,1205,1205030,'Parmonangan'),
(12,1205,1205040,'Adian Koting'),
(12,1205,1205050,'Sipoholon'),
(12,1205,1205060,'Tarutung'),
(12,1205,1205061,'Siatas Barita'),
(12,1205,1205070,'Pahae Julu'),
(12,1205,1205080,'Pahae Jae'),
(12,1205,1205081,'Purbatua'),
(12,1205,1205082,'Simangumban'),
(12,1205,1205090,'Pangaribuan'),
(12,1205,1205100,'Garoga'),
(12,1205,1205110,'Sipahutar'),
(12,1205,1205120,'Siborong-Borong'),
(12,1205,1205130,'Pagaran'),
(12,1205,1205180,'Muara'),
(12,1206,1206030,'Balige'),
(12,1206,1206031,'Tampahan'),
(12,1206,1206040,'Laguboti'),
(12,1206,1206050,'Habinsaran'),
(12,1206,1206051,'Borbor'),
(12,1206,1206052,'Nassau'),
(12,1206,1206060,'Silaen'),
(12,1206,1206061,'Sigumpar'),
(12,1206,1206070,'Porsea'),
(12,1206,1206071,'Pintu Pohan Meranti'),
(12,1206,1206072,'Siantar Narumonda'),
(12,1206,1206073,'Parmaksian'),
(12,1206,1206080,'Lumban Julu'),
(12,1206,1206081,'Uluan'),
(12,1206,1206082,'Ajibata'),
(12,1206,1206083,'Bonatua Lunasi'),
(12,1207,1207050,'Bilah Hulu'),
(12,1207,1207070,'Pangkatan'),
(12,1207,1207080,'Bilah Barat'),
(12,1207,1207130,'Bilah Hilir'),
(12,1207,1207140,'Panai Hulu'),
(12,1207,1207150,'Panai Tengah'),
(12,1207,1207160,'Panai Hilir'),
(12,1207,1207210,'Rantau Selatan'),
(12,1207,1207220,'Rantau Utara'),
(12,1208,1208010,'Bandar Pasir Mandoge'),
(12,1208,1208020,'Bandar Pulau'),
(12,1208,1208021,'Aek Songsongan'),
(12,1208,1208022,'Rahuning'),
(12,1208,1208030,'Pulau Rakyat'),
(12,1208,1208031,'Aek Kuasan'),
(12,1208,1208032,'Aek Ledong'),
(12,1208,1208040,'Sei Kepayang'),
(12,1208,1208041,'Sei Kepayang Barat'),
(12,1208,1208042,'Sei Kepayang Timur'),
(12,1208,1208050,'Tanjung Balai'),
(12,1208,1208060,'Simpang Empat'),
(12,1208,1208061,'Teluk Dalam'),
(12,1208,1208070,'Air Batu'),
(12,1208,1208071,'Sei Dadap'),
(12,1208,1208080,'Buntu Pane'),
(12,1208,1208081,'Tinggi Raja'),
(12,1208,1208082,'Setia Janji'),
(12,1208,1208090,'Meranti'),
(12,1208,1208091,'Pulo Bandring'),
(12,1208,1208092,'Rawang Panca Arga'),
(12,1208,1208100,'Air Joman'),
(12,1208,1208101,'Silau Laut'),
(12,1208,1208160,'Kisaran Barat'),
(12,1208,1208170,'Kisaran Timur'),
(12,1209,1209010,'Silimakuta'),
(12,1209,1209011,'Pematang Silimahuta'),
(12,1209,1209020,'Purba'),
(12,1209,1209021,'Haranggaol Horison'),
(12,1209,1209030,'Dolok Pardamean'),
(12,1209,1209040,'Sidamanik'),
(12,1209,1209041,'Pematang Sidamanik'),
(12,1209,1209050,'Girsang Sipangan Bolon'),
(12,1209,1209060,'Tanah Jawa'),
(12,1209,1209061,'Hatonduhan'),
(12,1209,1209070,'Dolok Panribuan'),
(12,1209,1209080,'Jorlang Hataran'),
(12,1209,1209090,'Panei'),
(12,1209,1209091,'Panombean Panei'),
(12,1209,1209100,'Raya'),
(12,1209,1209110,'Dolok Silau'),
(12,1209,1209120,'Silau Kahean'),
(12,1209,1209130,'Raya Kahean'),
(12,1209,1209140,'Tapian Dolok'),
(12,1209,1209150,'Dolok Batu Nanggar'),
(12,1209,1209160,'Siantar'),
(12,1209,1209161,'Gunung Malela'),
(12,1209,1209162,'Gunung Maligas'),
(12,1209,1209170,'Hutabayu Raja'),
(12,1209,1209171,'Jawa Maraja Bah Jambi'),
(12,1209,1209180,'Pematang Bandar'),
(12,1209,1209181,'Bandar Huluan'),
(12,1209,1209190,'Bandar'),
(12,1209,1209191,'Bandar Masilam'),
(12,1209,1209200,'Bosar Maligas'),
(12,1209,1209210,'Ujung Padang'),
(12,1210,1210030,'Sidikalang'),
(12,1210,1210031,'Berampu'),
(12,1210,1210032,'Sitinjo'),
(12,1210,1210040,'Parbuluan'),
(12,1210,1210050,'Sumbul'),
(12,1210,1210051,'Silahi Sabungan'),
(12,1210,1210060,'Silima Pungga-Pungga'),
(12,1210,1210061,'Lae Parira'),
(12,1210,1210070,'Siempat Nempu'),
(12,1210,1210080,'Siempat Nempu Hulu'),
(12,1210,1210090,'Siempat Nempu Hilir'),
(12,1210,1210100,'Tiga Lingga'),
(12,1210,1210101,'Gunung Sitember'),
(12,1210,1210110,'Pegagan Hilir'),
(12,1210,1210120,'Tanah Pinem'),
(12,1211,1211010,'Mardingding'),
(12,1211,1211020,'Laubaleng'),
(12,1211,1211030,'Tiga Binanga'),
(12,1211,1211040,'Juhar'),
(12,1211,1211050,'Munte'),
(12,1211,1211060,'Kuta Buluh'),
(12,1211,1211070,'Payung'),
(12,1211,1211071,'Tiganderket'),
(12,1211,1211080,'Simpang Empat'),
(12,1211,1211081,'Naman Teran'),
(12,1211,1211082,'Merdeka'),
(12,1211,1211090,'Kabanjahe'),
(12,1211,1211100,'Berastagi'),
(12,1211,1211110,'Tigapanah'),
(12,1211,1211111,'Dolat Rayat'),
(12,1211,1211120,'Merek'),
(12,1211,1211130,'Barusjahe'),
(12,1212,1212010,'Gunung Meriah'),
(12,1212,1212020,'Sinembah Tanjung Muda Hulu'),
(12,1212,1212030,'Sibolangit'),
(12,1212,1212040,'Kutalimbaru'),
(12,1212,1212050,'Pancur Batu'),
(12,1212,1212060,'Namo Rambe'),
(12,1212,1212070,'Biru-Biru'),
(12,1212,1212080,'Sinembah Tanjung Muda Hilir'),
(12,1212,1212090,'Bangun Purba'),
(12,1212,1212190,'Galang'),
(12,1212,1212200,'Tanjung Morawa'),
(12,1212,1212210,'Patumbak'),
(12,1212,1212220,'Deli Tua'),
(12,1212,1212230,'Sunggal'),
(12,1212,1212240,'Hamparan Perak'),
(12,1212,1212250,'Labuhan Deli'),
(12,1212,1212260,'Percut Sei Tuan'),
(12,1212,1212270,'Batang Kuis'),
(12,1212,1212280,'Pantai Labu'),
(12,1212,1212290,'Beringin'),
(12,1212,1212300,'Lubuk Pakam'),
(12,1212,1212310,'Pagar Merbau'),
(12,1213,1213010,'Bohorok'),
(12,1213,1213011,'Sirapit'),
(12,1213,1213020,'Salapian'),
(12,1213,1213021,'Kutambaru'),
(12,1213,1213030,'Sei Bingai'),
(12,1213,1213040,'Kuala'),
(12,1213,1213050,'Selesai'),
(12,1213,1213060,'Binjai'),
(12,1213,1213070,'Stabat'),
(12,1213,1213080,'Wampu'),
(12,1213,1213090,'Batang Serangan'),
(12,1213,1213100,'Sawit Seberang'),
(12,1213,1213110,'Padang Tualang'),
(12,1213,1213120,'Hinai'),
(12,1213,1213130,'Secanggang'),
(12,1213,1213140,'Tanjung Pura'),
(12,1213,1213150,'Gebang'),
(12,1213,1213160,'Babalan'),
(12,1213,1213170,'Sei Lepan'),
(12,1213,1213180,'Brandan Barat'),
(12,1213,1213190,'Besitang'),
(12,1213,1213200,'Pangkalan Susu'),
(12,1213,1213201,'Pematang Jaya'),
(12,1214,1214010,'Hibala'),
(12,1214,1214020,'Pulau-Pulau Batu'),
(12,1214,1214021,'Pulau-Pulau Batu Timur'),
(12,1214,1214030,'Teluk Dalam'),
(12,1214,1214031,'Fanayama'),
(12,1214,1214032,'Toma'),
(12,1214,1214033,'Maniamolo'),
(12,1214,1214034,'Mazino'),
(12,1214,1214040,'Amandraya'),
(12,1214,1214041,'Aramo'),
(12,1214,1214050,'Lahusa'),
(12,1214,1214060,'Gomo'),
(12,1214,1214061,'Susua'),
(12,1214,1214062,'Mazo'),
(12,1214,1214063,'Umbunasi'),
(12,1214,1214070,'Lolomatua'),
(12,1214,1214080,'Lolowa\'U'),
(12,1214,1214081,'Hilimegai'),
(12,1215,1215010,'Pakkat'),
(12,1215,1215020,'Onan Ganjang'),
(12,1215,1215030,'Sijama Polang'),
(12,1215,1215040,'Dolok Sanggul'),
(12,1215,1215050,'Lintong Nihuta'),
(12,1215,1215060,'Paranginan'),
(12,1215,1215070,'Bakti Raja'),
(12,1215,1215080,'Pollung'),
(12,1215,1215090,'Parlilitan'),
(12,1215,1215100,'Tara Bintang'),
(12,1216,1216010,'Salak'),
(12,1216,1216011,'Sitellu Tali Urang Jehe'),
(12,1216,1216012,'Pagindar'),
(12,1216,1216013,'Sitellu Tali Urang Julu'),
(12,1216,1216014,'Pergetteng-Getteng Sengkut'),
(12,1216,1216020,'Kerajaan'),
(12,1216,1216021,'Tinada'),
(12,1216,1216022,'Siempat Rube'),
(12,1217,1217010,'Sianjur Mula Mula'),
(12,1217,1217020,'Harian'),
(12,1217,1217030,'Sitio-Tio'),
(12,1217,1217040,'Onan Runggu'),
(12,1217,1217050,'Nainggolan'),
(12,1217,1217060,'Palipi'),
(12,1217,1217070,'Ronggur Nihuta'),
(12,1217,1217080,'Pangururan'),
(12,1217,1217090,'Simanindo'),
(12,1218,1218010,'Kotarih'),
(12,1218,1218011,'Silinda'),
(12,1218,1218012,'Bintang Bayu'),
(12,1218,1218020,'Dolok Masihul'),
(12,1218,1218021,'Serbajadi'),
(12,1218,1218030,'Sipispis'),
(12,1218,1218040,'Dolok Merawan'),
(12,1218,1218050,'Tebingtinggi'),
(12,1218,1218051,'Tebing Syahbandar'),
(12,1218,1218060,'Bandar Khalipah'),
(12,1218,1218070,'Tanjung Beringin'),
(12,1218,1218080,'Sei Rampah'),
(12,1218,1218081,'Sei Bamban'),
(12,1218,1218090,'Teluk Mengkudu'),
(12,1218,1218100,'Perbaungan'),
(12,1218,1218101,'Pegajahan'),
(12,1218,1218110,'Pantai Cermin'),
(12,1219,1219010,'Sei Balai'),
(12,1219,1219020,'Tanjung Tiram'),
(12,1219,1219030,'Talawi'),
(12,1219,1219040,'Limapuluh'),
(12,1219,1219050,'Air Putih'),
(12,1219,1219060,'Sei Suka'),
(12,1219,1219070,'Medang Deras'),
(12,1220,1220010,'Batang Onang'),
(12,1220,1220020,'Padang Bolak Julu'),
(12,1220,1220030,'Portibi'),
(12,1220,1220040,'Padang Bolak'),
(12,1220,1220050,'Simangambat'),
(12,1220,1220060,'Halongonan'),
(12,1220,1220070,'Dolok'),
(12,1220,1220080,'Dolok Sigompulon'),
(12,1220,1220090,'Hulu Sihapas'),
(12,1221,1221010,'Sosopan'),
(12,1221,1221020,'Ulu Barumun'),
(12,1221,1221030,'Barumun'),
(12,1221,1221031,'Barumun Selatan'),
(12,1221,1221040,'Lubuk Barumun'),
(12,1221,1221050,'Sosa'),
(12,1221,1221060,'Batang Lubu Sutam'),
(12,1221,1221070,'Huta Raja Tinggi'),
(12,1221,1221080,'Huristak'),
(12,1221,1221090,'Barumun Tengah'),
(12,1221,1221091,'Aek Nabara Barumun'),
(12,1222,1222010,'Sungai Kanan'),
(12,1222,1222020,'Torgamba'),
(12,1222,1222030,'Kota Pinang'),
(12,1222,1222040,'Silangkitang'),
(12,1222,1222050,'Kampung Rakyat'),
(12,1223,1223010,'Na Ix-X'),
(12,1223,1223020,'Marbau'),
(12,1223,1223030,'Aek Kuo'),
(12,1223,1223040,'Aek Natas'),
(12,1223,1223050,'Kualuh Selatan'),
(12,1223,1223060,'Kualuh Hilir'),
(12,1223,1223070,'Kualuh Hulu'),
(12,1223,1223080,'Kualuh Leidong'),
(12,1224,1224010,'Tugala Oyo'),
(12,1224,1224020,'Alasa'),
(12,1224,1224030,'Alasa Talu Muzoi'),
(12,1224,1224040,'Namohalu Esiwa'),
(12,1224,1224050,'Sitolu Ori'),
(12,1224,1224060,'Tuhemberua'),
(12,1224,1224070,'Sawo'),
(12,1224,1224080,'Lotu'),
(12,1224,1224090,'Lahewa Timur'),
(12,1224,1224100,'Afulu'),
(12,1224,1224110,'Lahewa'),
(12,1225,1225010,'Sirombu'),
(12,1225,1225020,'Lahomi'),
(12,1225,1225030,'Ulu Moro O'),
(12,1225,1225040,'Lolofitu Moi'),
(12,1225,1225050,'Mandrehe Utara'),
(12,1225,1225060,'Mandrehe'),
(12,1225,1225070,'Mandrehe Barat'),
(12,1225,1225080,'Moro O'),
(12,1271,1271010,'Sibolga Utara'),
(12,1271,1271020,'Sibolga Kota'),
(12,1271,1271030,'Sibolga Selatan'),
(12,1271,1271031,'Sibolga Sambas'),
(12,1272,1272010,'Datuk Bandar'),
(12,1272,1272011,'Datuk Bandar Timur'),
(12,1272,1272020,'Tanjung Balai Selatan'),
(12,1272,1272030,'Tanjung Balai Utara'),
(12,1272,1272040,'Sei Tualang Raso'),
(12,1272,1272050,'Teluk Nibung'),
(12,1273,1273010,'Siantar Marihat'),
(12,1273,1273011,'Siantar Marimbun'),
(12,1273,1273020,'Siantar Selatan'),
(12,1273,1273030,'Siantar Barat'),
(12,1273,1273040,'Siantar Utara'),
(12,1273,1273050,'Siantar Timur'),
(12,1273,1273060,'Siantar Martoba'),
(12,1273,1273061,'Siantar Sitalasari'),
(12,1274,1274010,'Padang Hulu'),
(12,1274,1274011,'Tebing Tinggi Kota'),
(12,1274,1274020,'Rambutan'),
(12,1274,1274021,'Bajenis'),
(12,1274,1274030,'Padang Hilir'),
(12,1275,1275010,'Medan Tuntungan'),
(12,1275,1275020,'Medan Johor'),
(12,1275,1275030,'Medan Amplas'),
(12,1275,1275040,'Medan Denai'),
(12,1275,1275050,'Medan Area'),
(12,1275,1275060,'Medan Kota'),
(12,1275,1275070,'Medan Maimun'),
(12,1275,1275080,'Medan Polonia'),
(12,1275,1275090,'Medan Baru'),
(12,1275,1275100,'Medan Selayang'),
(12,1275,1275110,'Medan Sunggal'),
(12,1275,1275120,'Medan Helvetia'),
(12,1275,1275130,'Medan Petisah'),
(12,1275,1275140,'Medan Barat'),
(12,1275,1275150,'Medan Timur'),
(12,1275,1275160,'Medan Perjuangan'),
(12,1275,1275170,'Medan Tembung'),
(12,1275,1275180,'Medan Deli'),
(12,1275,1275190,'Medan Labuhan'),
(12,1275,1275200,'Medan Marelan'),
(12,1275,1275210,'Medan Belawan'),
(12,1276,1276010,'Binjai Selatan'),
(12,1276,1276020,'Binjai Kota'),
(12,1276,1276030,'Binjai Timur'),
(12,1276,1276040,'Binjai Utara'),
(12,1276,1276050,'Binjai Barat'),
(12,1277,1277010,'Padangsidimpuan Tenggara'),
(12,1277,1277020,'Padangsidimpuan Selatan'),
(12,1277,1277030,'Padangsidimpuan Batunadua'),
(12,1277,1277040,'Padangsidimpuan Utara'),
(12,1277,1277050,'Padangsidimpuan Hutaimbaru'),
(12,1277,1277051,'Padangsidimpuan Angkola Julu'),
(12,1278,1278010,'Gunungsitoli Idanoi'),
(12,1278,1278020,'Gunungsitoli Selatan'),
(12,1278,1278030,'Gunungsitoli Barat'),
(12,1278,1278040,'Gunung Sitoli'),
(12,1278,1278050,'Gunungsitoli Alo Oa'),
(12,1278,1278060,'Gunungsitoli Utara'),
(13,1301,1301011,'Pagai Selatan'),
(13,1301,1301012,'Sikakap'),
(13,1301,1301013,'Pagai Utara'),
(13,1301,1301021,'Sipora Selatan'),
(13,1301,1301022,'Sipora Utara'),
(13,1301,1301030,'Siberut Selatan'),
(13,1301,1301031,'Seberut Barat Daya'),
(13,1301,1301032,'Siberut Tengah'),
(13,1301,1301040,'Siberut Utara'),
(13,1301,1301041,'Siberut Barat'),
(13,1302,1302010,'Lunang Silaut'),
(13,1302,1302020,'Basa Ampek Balai Tapan'),
(13,1302,1302030,'Pancung Soal'),
(13,1302,1302040,'Linggo Sari Baganti'),
(13,1302,1302050,'Ranah Pesisir'),
(13,1302,1302060,'Lengayang'),
(13,1302,1302070,'Sutera'),
(13,1302,1302080,'Batang Kapas'),
(13,1302,1302090,'Iv Jurai'),
(13,1302,1302100,'Bayang'),
(13,1302,1302101,'Iv Nagari Bayang Utara'),
(13,1302,1302110,'Koto Xi Tarusan'),
(13,1303,1303040,'Pantai Cermin'),
(13,1303,1303050,'Lembah Gumanti'),
(13,1303,1303051,'Hiliran Gumanti'),
(13,1303,1303060,'Payung Sekaki'),
(13,1303,1303061,'Tigo Lurah'),
(13,1303,1303070,'Lembang Jaya'),
(13,1303,1303071,'Danau Kembar'),
(13,1303,1303080,'Gunung Talang'),
(13,1303,1303090,'Bukit Sundi'),
(13,1303,1303100,'Ix Koto Sungai Lasi'),
(13,1303,1303110,'Kubung'),
(13,1303,1303120,'X Koto Diatas'),
(13,1303,1303130,'X Koto Singkarak'),
(13,1303,1303140,'Junjung Sirih'),
(13,1304,1304050,'Kamang Baru'),
(13,1304,1304060,'Tanjung Gadang'),
(13,1304,1304070,'Sijunjung'),
(13,1304,1304071,'Lubuk Tarok'),
(13,1304,1304080,'Iv Nagari'),
(13,1304,1304090,'Kupitan'),
(13,1304,1304100,'Koto Tujuh'),
(13,1304,1304110,'Sumpur Kudus'),
(13,1305,1305010,'Sepuluh Koto'),
(13,1305,1305020,'Batipuh'),
(13,1305,1305021,'Batipuh Selatan'),
(13,1305,1305030,'Pariangan'),
(13,1305,1305040,'Rambatan'),
(13,1305,1305050,'Lima Kaum'),
(13,1305,1305060,'Tanjung Emas'),
(13,1305,1305070,'Padang Ganting'),
(13,1305,1305080,'Lintau Buo'),
(13,1305,1305081,'Lintau Buo Utara'),
(13,1305,1305090,'Sungayang'),
(13,1305,1305100,'Sungai Tarab'),
(13,1305,1305110,'Salimpaung'),
(13,1305,1305111,'Tanjung Baru'),
(13,1306,1306010,'Batang Anai'),
(13,1306,1306020,'Lubuk Alung'),
(13,1306,1306021,'Sintuk Toboh Gadang'),
(13,1306,1306030,'Ulakan Tapakis'),
(13,1306,1306040,'Nan Sabaris'),
(13,1306,1306050,'2 X 11 Enam Lingkung'),
(13,1306,1306051,'Enam Lingkung'),
(13,1306,1306052,'2 X 11 Kayu Tanam'),
(13,1306,1306060,'Vii Koto Sungai Sariak'),
(13,1306,1306061,'Patamuan'),
(13,1306,1306062,'Padang Sago'),
(13,1306,1306070,'V Koto Kp Dalam'),
(13,1306,1306071,'V Koto Timur'),
(13,1306,1306080,'Sungai Limau'),
(13,1306,1306081,'Batang Gasan'),
(13,1306,1306090,'Sungai Geringging'),
(13,1306,1306100,'Iv Koto Aur Malintang'),
(13,1307,1307010,'Tanjung Mutiara'),
(13,1307,1307020,'Lubuk Basung'),
(13,1307,1307021,'Ampek Nagari'),
(13,1307,1307030,'Tanjung Raya'),
(13,1307,1307040,'Matur'),
(13,1307,1307050,'Iv Koto'),
(13,1307,1307051,'Malalak'),
(13,1307,1307061,'Banuhampu'),
(13,1307,1307062,'Sungai Pua'),
(13,1307,1307070,'Ampek Angkek'),
(13,1307,1307071,'Canduang'),
(13,1307,1307080,'Baso'),
(13,1307,1307090,'Tilatang Kamang'),
(13,1307,1307091,'Kamang Magek'),
(13,1307,1307100,'Palembayan'),
(13,1307,1307110,'Palupuh'),
(13,1308,1308010,'Payakumbuh'),
(13,1308,1308011,'Akabiluru'),
(13,1308,1308020,'Luak'),
(13,1308,1308021,'Lareh Sago Halaban'),
(13,1308,1308022,'Situjuah Limo Nagari'),
(13,1308,1308030,'Harau'),
(13,1308,1308040,'Guguak'),
(13,1308,1308041,'Mungka'),
(13,1308,1308050,'Suliki'),
(13,1308,1308051,'Bukik Barisan'),
(13,1308,1308060,'Gunuang Omeh'),
(13,1308,1308070,'Kapur Ix'),
(13,1308,1308080,'Pangkalan Koto Baru'),
(13,1309,1309070,'Bonjol'),
(13,1309,1309071,'Tigo Nagari'),
(13,1309,1309072,'Simpang Alahan Mati'),
(13,1309,1309080,'Lubuk Sikaping'),
(13,1309,1309100,'Dua Koto'),
(13,1309,1309110,'Panti'),
(13,1309,1309111,'Padang Gelugur'),
(13,1309,1309121,'Rao'),
(13,1309,1309122,'Mapat Tunggul'),
(13,1309,1309123,'Mapat Tunggul Selatan'),
(13,1309,1309124,'Rao Selatan'),
(13,1309,1309125,'Rao Utara'),
(13,1310,1310010,'Sangir'),
(13,1310,1310020,'Sangir Jujuan'),
(13,1310,1310021,'Sangir Balai Janggo'),
(13,1310,1310030,'Sangir Batang Hari'),
(13,1310,1310040,'Sungai Pagu'),
(13,1310,1310041,'Pauah Duo'),
(13,1310,1310050,'Koto Parik Gadang Diateh'),
(13,1311,1311010,'Sungai Rumbai'),
(13,1311,1311011,'Koto Besar'),
(13,1311,1311012,'Asam Jujuhan'),
(13,1311,1311020,'Koto Baru'),
(13,1311,1311021,'Koto Salak'),
(13,1311,1311022,'Tiumang'),
(13,1311,1311023,'Padang Laweh'),
(13,1311,1311030,'Sitiung'),
(13,1311,1311031,'Timpeh'),
(13,1311,1311040,'Pulau Punjung'),
(13,1311,1311041,'Ix Koto'),
(13,1312,1312010,'Sungai Beremas'),
(13,1312,1312020,'Ranah Batahan'),
(13,1312,1312030,'Koto Balingka'),
(13,1312,1312040,'Sungai Aur'),
(13,1312,1312050,'Lembah Malintang'),
(13,1312,1312060,'Gunung Tuleh'),
(13,1312,1312070,'Talamau'),
(13,1312,1312080,'Pasaman'),
(13,1312,1312090,'Luhak Nan Duo'),
(13,1312,1312100,'Sasak Ranah Pasisie'),
(13,1312,1312110,'Kinali'),
(13,1371,1371010,'Bungus Teluk Kabung'),
(13,1371,1371020,'Lubuk Kilangan'),
(13,1371,1371030,'Lubuk Begalung'),
(13,1371,1371040,'Padang Selatan'),
(13,1371,1371050,'Padang Timur'),
(13,1371,1371060,'Padang Barat'),
(13,1371,1371070,'Padang Utara'),
(13,1371,1371080,'Nanggalo'),
(13,1371,1371090,'Kuranji'),
(13,1371,1371100,'Pauh'),
(13,1371,1371110,'Koto Tangah'),
(13,1372,1372010,'Lubuk Sikarah'),
(13,1372,1372020,'Tanjung Harapan'),
(13,1373,1373010,'Silungkang'),
(13,1373,1373020,'Lembah Segar'),
(13,1373,1373030,'Barangin'),
(13,1373,1373040,'Talawi'),
(13,1374,1374010,'Padang Panjang Barat'),
(13,1374,1374020,'Padang Panjang Timur'),
(13,1375,1375010,'Guguk Panjang'),
(13,1375,1375020,'Mandiangin Koto Selayan'),
(13,1375,1375030,'Aur Birugo Tigo Baleh'),
(13,1376,1376010,'Payakumbuh Barat'),
(13,1376,1376011,'Payakumbuh Selatan'),
(13,1376,1376020,'Payakumbuh Timur'),
(13,1376,1376030,'Payakumbuh Utara'),
(13,1376,1376031,'Lamposi Tigo Nagori'),
(13,1377,1377010,'Pariaman Selatan'),
(13,1377,1377020,'Pariaman Tengah'),
(13,1377,1377021,'Pariaman Timur'),
(13,1377,1377030,'Pariaman Utara'),
(14,1401,1401010,'Kuantan Mudik'),
(14,1401,1401011,'Hulu Kuantan'),
(14,1401,1401012,'Gunung Toar'),
(14,1401,1401020,'Singingi'),
(14,1401,1401021,'Singingi Hilir'),
(14,1401,1401030,'Kuantan Tengah'),
(14,1401,1401040,'Benai'),
(14,1401,1401050,'Kuantan Hilir'),
(14,1401,1401051,'Pangean'),
(14,1401,1401052,'Logas Tanah Darat'),
(14,1401,1401060,'Cerenti'),
(14,1401,1401061,'Inuman'),
(14,1402,1402010,'Peranap'),
(14,1402,1402011,'Batang Peranap'),
(14,1402,1402020,'Seberida'),
(14,1402,1402021,'Batang Cenaku'),
(14,1402,1402022,'Batang Gansal'),
(14,1402,1402030,'Kelayang'),
(14,1402,1402031,'Rakit Kulim'),
(14,1402,1402040,'Pasir Penyu'),
(14,1402,1402041,'Lirik'),
(14,1402,1402042,'Sungai Lala'),
(14,1402,1402043,'Lubuk Batu Jaya'),
(14,1402,1402050,'Rengat Barat'),
(14,1402,1402060,'Rengat'),
(14,1402,1402061,'Kuala Cenaku'),
(14,1403,1403010,'Keritang'),
(14,1403,1403011,'Kemuning'),
(14,1403,1403020,'Reteh'),
(14,1403,1403021,'Sungai Batang'),
(14,1403,1403030,'Enok'),
(14,1403,1403040,'Tanah Merah'),
(14,1403,1403050,'Kuala Indragiri'),
(14,1403,1403051,'Concong'),
(14,1403,1403060,'Tembilahan'),
(14,1403,1403061,'Tembilahan Hulu'),
(14,1403,1403070,'Tempuling'),
(14,1403,1403071,'Kempas'),
(14,1403,1403080,'Batang Tuaka'),
(14,1403,1403090,'Gaung Anak Serka'),
(14,1403,1403100,'Gaung'),
(14,1403,1403110,'Mandah'),
(14,1403,1403120,'Kateman'),
(14,1403,1403121,'Pelangiran'),
(14,1403,1403122,'Teluk Belengkong'),
(14,1403,1403123,'Pulau Burung'),
(14,1404,1404010,'Langgam'),
(14,1404,1404011,'Pangkalan Kerinci'),
(14,1404,1404012,'Bandar Seikijang'),
(14,1404,1404020,'Pangkalan Kuras'),
(14,1404,1404021,'Ukui'),
(14,1404,1404022,'Pangkalan Lesung'),
(14,1404,1404030,'Bunut'),
(14,1404,1404031,'Pelalawan'),
(14,1404,1404032,'Bandar Petalangan'),
(14,1404,1404040,'Kuala Kampar'),
(14,1404,1404041,'Kerumutan'),
(14,1404,1404042,'Teluk Meranti'),
(14,1405,1405010,'Minas'),
(14,1405,1405011,'Sungai Mandau'),
(14,1405,1405012,'Kandis'),
(14,1405,1405020,'Siak'),
(14,1405,1405021,'Kerinci Kanan'),
(14,1405,1405022,'Tualang'),
(14,1405,1405023,'Dayun'),
(14,1405,1405024,'Lubuk Dalam'),
(14,1405,1405025,'Koto Gasib'),
(14,1405,1405026,'Mempura'),
(14,1405,1405030,'Sungai Apit'),
(14,1405,1405031,'Bunga Raya'),
(14,1405,1405032,'Sabak Auh'),
(14,1405,1405033,'Pusako'),
(14,1406,1406010,'Kampar Kiri'),
(14,1406,1406011,'Kampar Kiri Hulu'),
(14,1406,1406012,'Kampar Kiri Hilir'),
(14,1406,1406013,'Gunung Sahilan'),
(14,1406,1406014,'Kampar Kiri Tengah'),
(14,1406,1406020,'Xiii Koto Kampar'),
(14,1406,1406021,'Koto Kampar Hulu'),
(14,1406,1406030,'Bangkinang Barat'),
(14,1406,1406031,'Salo'),
(14,1406,1406040,'Tapung'),
(14,1406,1406041,'Tapung Hulu'),
(14,1406,1406042,'Tapung Hilir'),
(14,1406,1406050,'Bangkinang'),
(14,1406,1406051,'Bangkinang Seberang'),
(14,1406,1406060,'Kampar'),
(14,1406,1406061,'Kampar Timur'),
(14,1406,1406062,'Rumbio Jaya'),
(14,1406,1406063,'Kampar Utara'),
(14,1406,1406070,'Tambang'),
(14,1406,1406080,'Siak Hulu'),
(14,1406,1406081,'Perhentian Raja'),
(14,1407,1407010,'Rokan Iv Koto'),
(14,1407,1407011,'Pendalian Iv Koto'),
(14,1407,1407020,'Tandun'),
(14,1407,1407021,'Kabun'),
(14,1407,1407022,'Ujung Batu'),
(14,1407,1407030,'Rambah Samo'),
(14,1407,1407040,'Rambah'),
(14,1407,1407041,'Rambah Hilir'),
(14,1407,1407042,'Bangun Purba'),
(14,1407,1407050,'Tambusai'),
(14,1407,1407051,'Tambusai Utara'),
(14,1407,1407060,'Kepenuhan'),
(14,1407,1407061,'Kepenuhan Hulu'),
(14,1407,1407070,'Kunto Darussalam'),
(14,1407,1407071,'Pagaran Tapah Darussalam'),
(14,1407,1407072,'Bonai Darussalam'),
(14,1408,1408010,'Mandau'),
(14,1408,1408011,'Pinggir'),
(14,1408,1408020,'Bukit Batu'),
(14,1408,1408021,'Siak Kecil'),
(14,1408,1408030,'Rupat'),
(14,1408,1408031,'Rupat Utara'),
(14,1408,1408040,'Bengkalis'),
(14,1408,1408050,'Bantan'),
(14,1409,1409010,'Tanah Putih'),
(14,1409,1409011,'Pujud'),
(14,1409,1409012,'Tanah Putih Tanjung Melawan'),
(14,1409,1409013,'Rantau Kopar'),
(14,1409,1409020,'Bagan Sinembah'),
(14,1409,1409021,'Simpang Kanan'),
(14,1409,1409030,'Kubu'),
(14,1409,1409031,'Pasir Limau Kapas'),
(14,1409,1409040,'Bangko'),
(14,1409,1409041,'Sinaboi'),
(14,1409,1409042,'Batu Hampar'),
(14,1409,1409043,'Pekaitan'),
(14,1409,1409050,'Rimba Melintang'),
(14,1409,1409051,'Bangko Pusako'),
(14,1410,1410010,'Tebing Tinggi Barat'),
(14,1410,1410020,'Tebing Tinggi'),
(14,1410,1410021,'Tebing Tinggi Timur'),
(14,1410,1410030,'Rangsang'),
(14,1410,1410040,'Rangsang Barat'),
(14,1410,1410050,'Merbau'),
(14,1410,1410051,'Pulau Merbau'),
(14,1471,1471010,'Tampan'),
(14,1471,1471011,'Payung Sekaki'),
(14,1471,1471020,'Bukit Raya'),
(14,1471,1471021,'Marpoyan Damai'),
(14,1471,1471022,'Tenayan Raya'),
(14,1471,1471030,'Limapuluh'),
(14,1471,1471040,'Sail'),
(14,1471,1471050,'Pekanbaru Kota'),
(14,1471,1471060,'Sukajadi'),
(14,1471,1471070,'Senapelan'),
(14,1471,1471080,'Rumbai'),
(14,1471,1471081,'Rumbai Pesisir'),
(14,1473,1473010,'Bukit Kapur'),
(14,1473,1473011,'Medang Kampai'),
(14,1473,1473012,'Sungai Sembilan'),
(14,1473,1473020,'Dumai Barat'),
(14,1473,1473030,'Dumai Timur'),
(15,1501,1501010,'Gunung Raya'),
(15,1501,1501020,'Batang Merangin'),
(15,1501,1501030,'Keliling Danau'),
(15,1501,1501040,'Danau Kerinci'),
(15,1501,1501050,'Sitinjau Laut'),
(15,1501,1501070,'Air Hangat'),
(15,1501,1501071,'Air Hangat Timur'),
(15,1501,1501072,'Depati Vii'),
(15,1501,1501080,'Gunung Kerinci'),
(15,1501,1501081,'Siulak'),
(15,1501,1501090,'Kayu Aro'),
(15,1501,1501091,'Gunung Tujuh'),
(15,1502,1502010,'Jangkat'),
(15,1502,1502011,'Sungai Tenang'),
(15,1502,1502020,'Muara Siau'),
(15,1502,1502021,'Lembah Masurai'),
(15,1502,1502022,'Tiang Pumpung'),
(15,1502,1502030,'Pamenang'),
(15,1502,1502031,'Pamenang Barat'),
(15,1502,1502032,'Renah Pamenang'),
(15,1502,1502033,'Pamenang Selatan'),
(15,1502,1502040,'Bangko'),
(15,1502,1502041,'Bangko Barat'),
(15,1502,1502042,'Nalo Tantan'),
(15,1502,1502043,'Batang Masumai'),
(15,1502,1502050,'Sungai Manau'),
(15,1502,1502051,'Renah Pembarap'),
(15,1502,1502052,'Pangkalan Jambu'),
(15,1502,1502060,'Tabir'),
(15,1502,1502061,'Tabir Ulu'),
(15,1502,1502062,'Tabir Selatan'),
(15,1502,1502063,'Tabir Ilir'),
(15,1502,1502064,'Tabir Timur'),
(15,1502,1502065,'Tabir Lintas'),
(15,1502,1502066,'Margo Tabir'),
(15,1502,1502067,'Tabir Barat'),
(15,1503,1503010,'Batang Asai'),
(15,1503,1503020,'Limun'),
(15,1503,1503021,'Cermin Nan Gedang'),
(15,1503,1503030,'Pelawan'),
(15,1503,1503031,'Singkut'),
(15,1503,1503040,'Sarolangun'),
(15,1503,1503041,'Bathin Viii'),
(15,1503,1503050,'Pauh'),
(15,1503,1503051,'Air Hitam'),
(15,1503,1503060,'Mandiangin'),
(15,1504,1504010,'Mersam'),
(15,1504,1504011,'Maro Sebo Ulu'),
(15,1504,1504020,'Batin Xxiv'),
(15,1504,1504030,'Muara Tembesi'),
(15,1504,1504040,'Muara Bulian'),
(15,1504,1504041,'Bajubang'),
(15,1504,1504042,'Maro Sebo Ilir'),
(15,1504,1504050,'Pemayung'),
(15,1505,1505010,'Mestong'),
(15,1505,1505011,'Sungai Bahar'),
(15,1505,1505012,'Bahar Selatan'),
(15,1505,1505013,'Bahar Utara'),
(15,1505,1505020,'Kumpeh Ulu'),
(15,1505,1505021,'Sungai Gelam'),
(15,1505,1505030,'Kumpeh'),
(15,1505,1505040,'Maro Sebo'),
(15,1505,1505041,'Taman Rajo'),
(15,1505,1505050,'Jambi Luar Kota'),
(15,1505,1505060,'Sekernan'),
(15,1506,1506010,'Mendahara'),
(15,1506,1506011,'Mendahara Ulu'),
(15,1506,1506012,'Geragai'),
(15,1506,1506020,'Dendang'),
(15,1506,1506031,'Muara Sabak Barat'),
(15,1506,1506032,'Muara Sabak Timur'),
(15,1506,1506033,'Kuala Jambi'),
(15,1506,1506040,'Rantau Rasau'),
(15,1506,1506041,'Berbak'),
(15,1506,1506050,'Nipah Panjang'),
(15,1506,1506060,'Sadu'),
(15,1507,1507010,'Tungkal Ulu'),
(15,1507,1507011,'Merlung'),
(15,1507,1507012,'Batang Asam'),
(15,1507,1507013,'Tebing Tinggi'),
(15,1507,1507014,'Renah Mendaluh'),
(15,1507,1507015,'Muara Papalik'),
(15,1507,1507020,'Pengabuan'),
(15,1507,1507021,'Senyerang'),
(15,1507,1507030,'Tungkal Ilir'),
(15,1507,1507031,'Bram Itam'),
(15,1507,1507032,'Seberang Kota'),
(15,1507,1507040,'Betara'),
(15,1507,1507041,'Kuala Betara'),
(15,1508,1508010,'Tebo Ilir'),
(15,1508,1508011,'Muara Tabir'),
(15,1508,1508020,'Tebo Tengah'),
(15,1508,1508021,'Sumay'),
(15,1508,1508022,'Tengah Ilir'),
(15,1508,1508030,'Rimbo Bujang'),
(15,1508,1508031,'Rimbo Ulu'),
(15,1508,1508032,'Rimbo Ilir'),
(15,1508,1508040,'Tebo Ulu'),
(15,1508,1508041,'Vii Koto'),
(15,1508,1508042,'Serai Serumpun'),
(15,1508,1508043,'Vii Koto Ilir'),
(15,1509,1509010,'Pelepat'),
(15,1509,1509011,'Pelepat Ilir'),
(15,1509,1509021,'Bathin Ii Babeko'),
(15,1509,1509022,'Rimbo Tengah'),
(15,1509,1509023,'Bungo Dani'),
(15,1509,1509024,'Pasar Muara Bungo'),
(15,1509,1509025,'Bathin Iii'),
(15,1509,1509030,'Rantau Pandan'),
(15,1509,1509031,'Muko-Muko Bathin Vii'),
(15,1509,1509032,'Bathin Iii Ulu'),
(15,1509,1509040,'Tanah Sepenggal'),
(15,1509,1509041,'Tanah Sepenggal Lintas'),
(15,1509,1509050,'Tanah Tumbuh'),
(15,1509,1509051,'Limbur Lubuk Mengkuang'),
(15,1509,1509052,'Bathin Ii Pelayang'),
(15,1509,1509060,'Jujuhan'),
(15,1509,1509061,'Jujuhan Ilir'),
(15,1571,1571010,'Kota Baru'),
(15,1571,1571020,'Jambi Selatan'),
(15,1571,1571030,'Jelutung'),
(15,1571,1571040,'Pasar Jambi'),
(15,1571,1571050,'Telanaipura'),
(15,1571,1571060,'Danau Teluk'),
(15,1571,1571070,'Pelayangan'),
(15,1571,1571080,'Jambi Timur'),
(15,1572,1572010,'Tanah Kampung'),
(15,1572,1572020,'Kumun Debai'),
(15,1572,1572030,'Sungai Penuh'),
(15,1572,1572040,'Hamparan Rawang'),
(15,1572,1572050,'Pesisir Bukit'),
(16,1601,1601052,'Lengkiti'),
(16,1601,1601070,'Sosoh Buay Rayap'),
(16,1601,1601080,'Pengandonan'),
(16,1601,1601081,'Semidang Aji'),
(16,1601,1601082,'Ulu Ogan'),
(16,1601,1601083,'Muara Jaya'),
(16,1601,1601090,'Peninjauan'),
(16,1601,1601091,'Lubuk Batang'),
(16,1601,1601092,'Sinar Peninjauan'),
(16,1601,1601130,'Batu Raja Timur'),
(16,1601,1601131,'Lubuk Raja'),
(16,1601,1601140,'Batu Raja Barat'),
(16,1602,1602010,'Lempuing'),
(16,1602,1602011,'Lempuing Jaya'),
(16,1602,1602020,'Mesuji'),
(16,1602,1602021,'Sungai Menang'),
(16,1602,1602022,'Mesuji Makmur'),
(16,1602,1602023,'Mesuji Raya'),
(16,1602,1602030,'Tulung Selapan'),
(16,1602,1602031,'Cengal'),
(16,1602,1602040,'Pedamaran'),
(16,1602,1602041,'Pedamaran Timur'),
(16,1602,1602050,'Tanjung Lubuk'),
(16,1602,1602051,'Teluk Gelam'),
(16,1602,1602060,'Kota Kayu Agung'),
(16,1602,1602120,'Sirah Pulau Padang'),
(16,1602,1602121,'Jejawi'),
(16,1602,1602130,'Pampangan'),
(16,1602,1602131,'Pangkalan Lapam'),
(16,1602,1602140,'Air Sugihan'),
(16,1603,1603010,'Semendo Darat Laut'),
(16,1603,1603011,'Semendo Darat Ulu'),
(16,1603,1603012,'Semendo Darat Tengah'),
(16,1603,1603020,'Tanjung Agung'),
(16,1603,1603031,'Rambang'),
(16,1603,1603032,'Lubai'),
(16,1603,1603040,'Lawang Kidul'),
(16,1603,1603050,'Muara Enim'),
(16,1603,1603051,'Ujan Mas'),
(16,1603,1603060,'Gunung Megang'),
(16,1603,1603061,'Benakat'),
(16,1603,1603070,'Rambang Dangku'),
(16,1603,1603080,'Talang Ubi'),
(16,1603,1603081,'Penukal'),
(16,1603,1603082,'Tanah Abang'),
(16,1603,1603083,'Penukal Utara'),
(16,1603,1603084,'Abab'),
(16,1603,1603090,'Gelumbang'),
(16,1603,1603091,'Lembak'),
(16,1603,1603092,'Sungai Rotan'),
(16,1603,1603093,'Muara Belida'),
(16,1603,1603094,'Kelekar'),
(16,1604,1604011,'Tanjung Sakti Pumi'),
(16,1604,1604012,'Tanjung Sakti Pumu'),
(16,1604,1604040,'Kota Agung'),
(16,1604,1604041,'Mulak Ulu'),
(16,1604,1604042,'Tanjung Tebat'),
(16,1604,1604050,'Pulau Pinang'),
(16,1604,1604051,'Pagar Gunung'),
(16,1604,1604052,'Gumay Ulu'),
(16,1604,1604060,'Jarai'),
(16,1604,1604061,'Pajar Bulan'),
(16,1604,1604062,'Muara Payang'),
(16,1604,1604111,'Kikim Barat'),
(16,1604,1604112,'Kikim Timur'),
(16,1604,1604113,'Kikim Selatan'),
(16,1604,1604114,'Kikim Tengah'),
(16,1604,1604120,'Lahat'),
(16,1604,1604121,'Gumay Talang'),
(16,1604,1604122,'Pseksu'),
(16,1604,1604131,'Merapi Barat'),
(16,1604,1604132,'Merapi Timur'),
(16,1604,1604133,'Merapi Selatan'),
(16,1605,1605010,'Rawas Ulu'),
(16,1605,1605011,'Ulu Rawas'),
(16,1605,1605020,'Rupit'),
(16,1605,1605021,'Karang Jaya'),
(16,1605,1605030,'Suku Tengah Lakitan Ulu'),
(16,1605,1605031,'Selangit'),
(16,1605,1605032,'Sumber Harta'),
(16,1605,1605040,'Tugumulyo'),
(16,1605,1605041,'Purwodadi'),
(16,1605,1605050,'Muara Beliti'),
(16,1605,1605051,'Tiang Pumpung Kepungut'),
(16,1605,1605060,'Jayaloka'),
(16,1605,1605061,'Suka Karya'),
(16,1605,1605070,'Muara Kelingi'),
(16,1605,1605071,'Bulang Tengah Suku Ulu'),
(16,1605,1605072,'Tuah Negeri'),
(16,1605,1605080,'Muara Lakitan'),
(16,1605,1605090,'Megang Sakti'),
(16,1605,1605100,'Rawas Ilir'),
(16,1605,1605101,'Karang Dapo'),
(16,1605,1605102,'Nibung'),
(16,1606,1606010,'Sanga Desa'),
(16,1606,1606020,'Babat Toman'),
(16,1606,1606021,'Batanghari Leko'),
(16,1606,1606022,'Plakat Tinggi'),
(16,1606,1606023,'Lawang Wetan'),
(16,1606,1606030,'Sungai Keruh'),
(16,1606,1606040,'Sekayu'),
(16,1606,1606041,'Lais'),
(16,1606,1606090,'Sungai Lilin'),
(16,1606,1606091,'Keluang'),
(16,1606,1606092,'Babat Supat'),
(16,1606,1606100,'Bayung Lencir'),
(16,1606,1606101,'Lalan'),
(16,1606,1606102,'Tungkal Jaya'),
(16,1607,1607010,'Rantau Bayur'),
(16,1607,1607020,'Betung'),
(16,1607,1607021,'Suak Tapeh'),
(16,1607,1607030,'Pulau Rimau'),
(16,1607,1607031,'Tungkal Ilir'),
(16,1607,1607040,'Banyuasin Iii'),
(16,1607,1607041,'Sembawa'),
(16,1607,1607050,'Talang Kelapa'),
(16,1607,1607051,'Tanjung Lago'),
(16,1607,1607060,'Banyuasin I'),
(16,1607,1607070,'Rambutan'),
(16,1607,1607080,'Muara Padang'),
(16,1607,1607081,'Muara Sugihan'),
(16,1607,1607090,'Makarti Jaya'),
(16,1607,1607091,'Air Salek'),
(16,1607,1607100,'Banyuasin Ii'),
(16,1607,1607110,'Muara Telang'),
(16,1608,1608010,'Mekakau Ilir'),
(16,1608,1608020,'Banding Agung'),
(16,1608,1608021,'Warkuk Ranau Selatan'),
(16,1608,1608022,'Buay Pematang Ribu Ranau Tengah'),
(16,1608,1608030,'Buay Pemaca'),
(16,1608,1608040,'Simpang'),
(16,1608,1608041,'Buana Pemaca'),
(16,1608,1608050,'Muaradua'),
(16,1608,1608051,'Buay Rawan'),
(16,1608,1608060,'Buay Sandang Aji'),
(16,1608,1608061,'Tiga Dihaji'),
(16,1608,1608070,'Buay Runjung'),
(16,1608,1608071,'Runjung Agung'),
(16,1608,1608080,'Kisam Tinggi'),
(16,1608,1608090,'Muaradua Kisam'),
(16,1608,1608091,'Kisam Ilir'),
(16,1608,1608100,'Pulau Beringin'),
(16,1608,1608101,'Sindang Danau'),
(16,1608,1608102,'Sungai Are'),
(16,1609,1609010,'Martapura'),
(16,1609,1609011,'Bunga Mayang'),
(16,1609,1609012,'Jaya Pura'),
(16,1609,1609020,'Buay Pemuka Peliung'),
(16,1609,1609030,'Buay Madang'),
(16,1609,1609031,'Buay Madang Timur'),
(16,1609,1609032,'Buay Pemuka Bangsa Raja'),
(16,1609,1609040,'Madang Suku Ii'),
(16,1609,1609041,'Madang Suku Iii'),
(16,1609,1609050,'Madang Suku I'),
(16,1609,1609051,'Belitang Madang Raya'),
(16,1609,1609060,'Belitang'),
(16,1609,1609061,'Belitang Jaya'),
(16,1609,1609070,'Belitang Iii'),
(16,1609,1609080,'Belitang Ii'),
(16,1609,1609081,'Belitang Mulya'),
(16,1609,1609090,'Semendawai Suku Iii'),
(16,1609,1609091,'Semendawai Timur'),
(16,1609,1609100,'Cempaka'),
(16,1609,1609101,'Semendawai Barat'),
(16,1610,1610010,'Muara Kuang'),
(16,1610,1610011,'Rambang Kuang'),
(16,1610,1610012,'Lubuk Keliat'),
(16,1610,1610020,'Tanjung Batu'),
(16,1610,1610021,'Payaraman'),
(16,1610,1610030,'Rantau Alai'),
(16,1610,1610031,'Kandis'),
(16,1610,1610040,'Tanjung Raja'),
(16,1610,1610041,'Rantau Panjang'),
(16,1610,1610042,'Sungai Pinang'),
(16,1610,1610050,'Pemulutan'),
(16,1610,1610051,'Pemulutan Selatan'),
(16,1610,1610052,'Pemulutan Barat'),
(16,1610,1610060,'Indralaya'),
(16,1610,1610061,'Indralaya Utara'),
(16,1610,1610062,'Indralaya Selatan'),
(16,1611,1611010,'Muara Pinang'),
(16,1611,1611020,'Lintang Kanan'),
(16,1611,1611030,'Pendopo'),
(16,1611,1611040,'Pasemah Air Keruh'),
(16,1611,1611050,'Ulu Musi'),
(16,1611,1611051,'Sikap Dalam'),
(16,1611,1611060,'Talang Padang'),
(16,1611,1611070,'Tebing Tinggi'),
(16,1671,1671010,'Ilir Barat Ii'),
(16,1671,1671011,'Gandus'),
(16,1671,1671020,'Seberang Ulu I'),
(16,1671,1671021,'Kertapati'),
(16,1671,1671030,'Seberang Ulu Ii'),
(16,1671,1671031,'Plaju'),
(16,1671,1671040,'Ilir Barat I'),
(16,1671,1671041,'Bukit Kecil'),
(16,1671,1671050,'Ilir Timur I'),
(16,1671,1671051,'Kemuning'),
(16,1671,1671060,'Ilir Timur Ii'),
(16,1671,1671061,'Kalidoni'),
(16,1671,1671070,'Sako'),
(16,1671,1671071,'Sematang Borang'),
(16,1671,1671080,'Sukarami'),
(16,1671,1671081,'Alang Alang Lebar'),
(16,1672,1672010,'Rambang Kapak Tengah'),
(16,1672,1672020,'Prabumulih Timur'),
(16,1672,1672021,'Prabumulih Selatan'),
(16,1672,1672030,'Prabumulih Barat'),
(16,1672,1672031,'Prabumulih Utara');

UNLOCK TABLES;

/*Table structure for table `kuesioner_kajian_resiko_kabkot` */

DROP TABLE IF EXISTS `kuesioner_kajian_resiko_kabkot`;

CREATE TABLE `kuesioner_kajian_resiko_kabkot` (
  `id` int(11) NOT NULL AUTO_INCREMENT,
  `id_prov` int(11) DEFAULT NULL,
  `id_kabkot` int(11) DEFAULT NULL,
  `nama_dinas` varchar(100) DEFAULT NULL,
  `alamat` text DEFAULT NULL,
  `telepon` varchar(50) DEFAULT NULL,
  `fax` varchar(50) DEFAULT NULL,
  `website` varchar(100) DEFAULT NULL,
  `email` varchar(100) DEFAULT NULL,
  `responder_nama_satu` varchar(100) DEFAULT NULL,
  `responder_jabatan_satu` varchar(100) DEFAULT NULL,
  `responder_no_hp_satu` varchar(50) DEFAULT NULL,
  `responder_nama_dua` varchar(100) DEFAULT NULL,
  `responder_jabatan_dua` varchar(100) DEFAULT NULL,
  `responder_no_hp_dua` varchar(50) DEFAULT NULL,
  `karakteristik_luas` varchar(20) DEFAULT NULL,
  `karakteristik_letak` varchar(44) DEFAULT NULL,
  `karakteristik_jumlah_kec` varchar(10) DEFAULT NULL,
  `karakteristik_topografi` varchar(40) DEFAULT NULL,
  `karakteristik_jumlah_penduduk` varchar(20) DEFAULT NULL,
  `karakteristik_alat_komunikasi` varchar(40) DEFAULT NULL,
  `karakteristik_akses_transportasi` varchar(40) DEFAULT NULL,
  `ancam_jenis_ancaman` text DEFAULT NULL,
  `ancam_riwayat` text DEFAULT NULL,
  `kerentanan_ipm` varchar(10) DEFAULT NULL,
  `kerentanan_ipkm` varchar(10) DEFAULT NULL,
  PRIMARY KEY (`id`)
) ENGINE=InnoDB AUTO_INCREMENT=6 DEFAULT CHARSET=utf8mb4;

/*Data for the table `kuesioner_kajian_resiko_kabkot` */

LOCK TABLES `kuesioner_kajian_resiko_kabkot` WRITE;

insert  into `kuesioner_kajian_resiko_kabkot`(`id`,`id_prov`,`id_kabkot`,`nama_dinas`,`alamat`,`telepon`,`fax`,`website`,`email`,`responder_nama_satu`,`responder_jabatan_satu`,`responder_no_hp_satu`,`responder_nama_dua`,`responder_jabatan_dua`,`responder_no_hp_dua`,`karakteristik_luas`,`karakteristik_letak`,`karakteristik_jumlah_kec`,`karakteristik_topografi`,`karakteristik_jumlah_penduduk`,`karakteristik_alat_komunikasi`,`karakteristik_akses_transportasi`,`ancam_jenis_ancaman`,`ancam_riwayat`,`kerentanan_ipm`,`kerentanan_ipkm`) values 
(5,12,1274,'asdasdas','asdasads','koo','n','no','o','mo','m','omok','mko','mok','okm','kmo','mokmo','kmok','om','om','omk','okm','mok','omkokm','mko','mmok');

UNLOCK TABLES;

/*Table structure for table `letak_geografis` */

DROP TABLE IF EXISTS `letak_geografis`;

CREATE TABLE `letak_geografis` (
  `id` int(11) NOT NULL AUTO_INCREMENT,
  `nama_letak` varchar(50) DEFAULT NULL,
  PRIMARY KEY (`id`)
) ENGINE=InnoDB AUTO_INCREMENT=4 DEFAULT CHARSET=utf8mb4;

/*Data for the table `letak_geografis` */

LOCK TABLES `letak_geografis` WRITE;

insert  into `letak_geografis`(`id`,`nama_letak`) values 
(1,'Pegunungan'),
(2,'Pantai'),
(3,'Pulau');

UNLOCK TABLES;

/*Table structure for table `pelaporan_awal` */

DROP TABLE IF EXISTS `pelaporan_awal`;

CREATE TABLE `pelaporan_awal` (
  `id` int(11) NOT NULL AUTO_INCREMENT,
  `nama_dinas` varchar(80) DEFAULT NULL,
  `jenis_bencana` varchar(80) DEFAULT NULL,
  `waktu_kejadian` datetime DEFAULT NULL,
  `deskripsi_bencana` text DEFAULT NULL,
  `id_prov` int(11) DEFAULT NULL,
  `id_kabkot` int(11) DEFAULT NULL,
  `nama_kec` varchar(80) DEFAULT NULL,
  `desa_dusun` varchar(80) DEFAULT NULL,
  `jumlah_penduduk_terancam` varchar(80) DEFAULT NULL,
  `topografi` varchar(80) DEFAULT NULL,
  `jumlah_korban_meninggal` varchar(80) DEFAULT NULL,
  `jumlah_korban_hilang` varchar(80) DEFAULT NULL,
  `jumlah_luka_berat_rawat_inap` varchar(80) DEFAULT NULL,
  `jumlah_luka_ringan_rawat_jalan` varchar(80) DEFAULT NULL,
  `jumlah_pengungsi_penduduk_rentan` varchar(80) DEFAULT NULL,
  `fasilitas_umum_akses` enum('mudah dijangkau','sukar dijangkau') DEFAULT NULL,
  `fasilitas_umum_jalur_komunikasi` varchar(80) DEFAULT NULL,
  `fasilitas_umum_jaringan_listrik` enum('baik','terputus','belum tersedia') DEFAULT NULL,
  `fasilitas_umum_air_bersih` enum('tercemar','tidak tercemar') DEFAULT NULL,
  `kondisi_faskes_kondisi` enum('rusak','tidak rusak') DEFAULT NULL,
  `kondisi_faskes_fungsi_pelayanan` enum('berfungsi','tidak berfungsi') DEFAULT NULL,
  `upaya_penanggulangan_pelayanan_kesehatan` text DEFAULT NULL,
  `upaya_penanggulangan_pengendalian` text DEFAULT NULL,
  `upaya_penanggulangan_pelayanan_gizi` text DEFAULT NULL,
  `upaya_penanggulangan_pelayanan_kesehatan_jiwa` text DEFAULT NULL,
  `upaya_penanggulangan_reproduksi_dan_kia` text DEFAULT NULL,
  `upaya_penanggulangan_dvi` text DEFAULT NULL,
  `upaya_penanggulangan_logistik_kesehatan` text DEFAULT NULL,
  `hambatan` text DEFAULT NULL,
  `bantuan_yang_diperlukan` text DEFAULT NULL,
  `rencana_tindak_lanjut` text DEFAULT NULL,
  PRIMARY KEY (`id`)
) ENGINE=InnoDB AUTO_INCREMENT=4 DEFAULT CHARSET=utf8mb4;

/*Data for the table `pelaporan_awal` */

LOCK TABLES `pelaporan_awal` WRITE;

insert  into `pelaporan_awal`(`id`,`nama_dinas`,`jenis_bencana`,`waktu_kejadian`,`deskripsi_bencana`,`id_prov`,`id_kabkot`,`nama_kec`,`desa_dusun`,`jumlah_penduduk_terancam`,`topografi`,`jumlah_korban_meninggal`,`jumlah_korban_hilang`,`jumlah_luka_berat_rawat_inap`,`jumlah_luka_ringan_rawat_jalan`,`jumlah_pengungsi_penduduk_rentan`,`fasilitas_umum_akses`,`fasilitas_umum_jalur_komunikasi`,`fasilitas_umum_jaringan_listrik`,`fasilitas_umum_air_bersih`,`kondisi_faskes_kondisi`,`kondisi_faskes_fungsi_pelayanan`,`upaya_penanggulangan_pelayanan_kesehatan`,`upaya_penanggulangan_pengendalian`,`upaya_penanggulangan_pelayanan_gizi`,`upaya_penanggulangan_pelayanan_kesehatan_jiwa`,`upaya_penanggulangan_reproduksi_dan_kia`,`upaya_penanggulangan_dvi`,`upaya_penanggulangan_logistik_kesehatan`,`hambatan`,`bantuan_yang_diperlukan`,`rencana_tindak_lanjut`) values 
(1,'Testing Dinas Kesehatan','Gempa Bumi','2022-07-16 12:12:00','',0,0,'','','','','','','','','','sukar dijangkau','','','tidak tercemar','tidak rusak','tidak berfungsi','','','','','','','','','',''),
(2,'Testing Dinas Kesehatan','Gempa Bumi','2022-07-09 13:13:00','testing deskripsi bencana',11,0,'Kecamatan Banda Sakti','Desa Tumpok Teungoh','123','Pantai','123','123','123','132','123','sukar dijangkau','telepon','baik','tidak tercemar','tidak rusak','tidak berfungsi','testing klaster upaya','testing pengendalian upaya','testing sub kaster gizi','testing upaya sub klaster pelayanan','testing klaster kesehatan','testing klaster DVI','testing klaster Upaya logistik','testing klaster hambatan pelayanan','testing bantuan','testing rencana tindak lanjut'),
(3,'aasdasda','Gagal Teknologi','2022-06-27 12:12:00','asdasdasd',12,1277,'Padangsidimpuan Angkola Julu','asdasd','asdasd','Pantai','asdasd','asdasd','asdasda','asdasd','asdasd','sukar dijangkau','asdasd','baik','tidak tercemar','tidak rusak','tidak berfungsi','asdasd','asdasd','asdasd','asdasd','asdasd','asdasd','asdasdas','asdasd','asdasd','asdasdas');

UNLOCK TABLES;

/*Table structure for table `pelaporan_awal_fasilitas_kesehatan` */

DROP TABLE IF EXISTS `pelaporan_awal_fasilitas_kesehatan`;

CREATE TABLE `pelaporan_awal_fasilitas_kesehatan` (
  `id` int(11) NOT NULL AUTO_INCREMENT,
  `id_pelaporan_awal` int(11) DEFAULT NULL,
  `nama_fasilitas_kesehatan` varchar(80) DEFAULT NULL,
  `kondisi` enum('rusak','tidak rusak') DEFAULT NULL,
  `fungsi_pelayanan` enum('berfungsi','tidak berfungsi') DEFAULT NULL,
  PRIMARY KEY (`id`)
) ENGINE=InnoDB AUTO_INCREMENT=2 DEFAULT CHARSET=utf8mb4;

/*Data for the table `pelaporan_awal_fasilitas_kesehatan` */

LOCK TABLES `pelaporan_awal_fasilitas_kesehatan` WRITE;

insert  into `pelaporan_awal_fasilitas_kesehatan`(`id`,`id_pelaporan_awal`,`nama_fasilitas_kesehatan`,`kondisi`,`fungsi_pelayanan`) values 
(1,3,'ssss','rusak','tidak berfungsi');

UNLOCK TABLES;

/*Table structure for table `pelaporan_awal_korban_hilang` */

DROP TABLE IF EXISTS `pelaporan_awal_korban_hilang`;

CREATE TABLE `pelaporan_awal_korban_hilang` (
  `id` int(11) NOT NULL AUTO_INCREMENT,
  `id_pelaporan_awal` int(11) DEFAULT NULL,
  `nama` varchar(80) DEFAULT NULL,
  `jenis_kelamin` enum('Laki - laki','Perempuan') DEFAULT NULL,
  `usia` varchar(11) DEFAULT NULL,
  `kewarganegaraan` varchar(80) DEFAULT NULL,
  `alamat_korban` text DEFAULT NULL,
  `lokasi_hilang` varchar(80) DEFAULT NULL,
  PRIMARY KEY (`id`)
) ENGINE=InnoDB AUTO_INCREMENT=2 DEFAULT CHARSET=utf8mb4;

/*Data for the table `pelaporan_awal_korban_hilang` */

LOCK TABLES `pelaporan_awal_korban_hilang` WRITE;

insert  into `pelaporan_awal_korban_hilang`(`id`,`id_pelaporan_awal`,`nama`,`jenis_kelamin`,`usia`,`kewarganegaraan`,`alamat_korban`,`lokasi_hilang`) values 
(1,3,'testing nama','Laki - laki','20','testing ke','testing','');

UNLOCK TABLES;

/*Table structure for table `pelaporan_awal_korban_luka` */

DROP TABLE IF EXISTS `pelaporan_awal_korban_luka`;

CREATE TABLE `pelaporan_awal_korban_luka` (
  `id` int(11) NOT NULL AUTO_INCREMENT,
  `id_pelaporan_awal` int(11) DEFAULT NULL,
  `nama_fasilitas_pelayanan` varchar(80) DEFAULT NULL,
  `id_kabkot` int(11) DEFAULT NULL,
  `jumlah_rawat_inap_laki` varchar(11) DEFAULT NULL,
  `jumlah_rawat_inap_perempuan` varchar(11) DEFAULT NULL,
  `jumlah_rawat_jalan_laki` varchar(11) DEFAULT NULL,
  `jumlah_rawat_jalan_perempuan` varchar(11) DEFAULT NULL,
  PRIMARY KEY (`id`)
) ENGINE=InnoDB AUTO_INCREMENT=2 DEFAULT CHARSET=utf8mb4;

/*Data for the table `pelaporan_awal_korban_luka` */

LOCK TABLES `pelaporan_awal_korban_luka` WRITE;

insert  into `pelaporan_awal_korban_luka`(`id`,`id_pelaporan_awal`,`nama_fasilitas_pelayanan`,`id_kabkot`,`jumlah_rawat_inap_laki`,`jumlah_rawat_inap_perempuan`,`jumlah_rawat_jalan_laki`,`jumlah_rawat_jalan_perempuan`) values 
(1,3,'Rumah sakit anak kota',1278,'9090909090','90909090','090909090','90909090');

UNLOCK TABLES;

/*Table structure for table `pelaporan_awal_korban_meninggal` */

DROP TABLE IF EXISTS `pelaporan_awal_korban_meninggal`;

CREATE TABLE `pelaporan_awal_korban_meninggal` (
  `id` int(11) NOT NULL AUTO_INCREMENT,
  `id_pelaporan_awal` int(11) DEFAULT NULL,
  `nama` varchar(80) DEFAULT NULL,
  `jenis_kelamin` enum('Laki - laki','Perempuan') DEFAULT NULL,
  `usia` varchar(11) DEFAULT NULL,
  `kewarganegaraan` varchar(80) DEFAULT NULL,
  `alamat_korban` text DEFAULT NULL,
  `tempat_meninggal` varchar(80) DEFAULT NULL,
  `penyebab_kematian` varchar(80) DEFAULT NULL,
  PRIMARY KEY (`id`)
) ENGINE=InnoDB AUTO_INCREMENT=2 DEFAULT CHARSET=utf8mb4;

/*Data for the table `pelaporan_awal_korban_meninggal` */

LOCK TABLES `pelaporan_awal_korban_meninggal` WRITE;

insert  into `pelaporan_awal_korban_meninggal`(`id`,`id_pelaporan_awal`,`nama`,`jenis_kelamin`,`usia`,`kewarganegaraan`,`alamat_korban`,`tempat_meninggal`,`penyebab_kematian`) values 
(1,3,'testing nama','Laki - laki','90','testing kewarganegaraan','testing alaman','testing tempat meninggal','testing penyebab kematian');

UNLOCK TABLES;

/*Table structure for table `pelaporan_awal_lokasi_bencana` */

DROP TABLE IF EXISTS `pelaporan_awal_lokasi_bencana`;

CREATE TABLE `pelaporan_awal_lokasi_bencana` (
  `id` int(11) NOT NULL AUTO_INCREMENT,
  `id_pelaporan_awal` int(11) DEFAULT NULL,
  `id_kabkot` int(11) DEFAULT NULL,
  `nama_kec` char(40) DEFAULT NULL,
  `desa_dusun` varchar(80) DEFAULT NULL,
  `jumlah_penduduk_terancam` varchar(80) DEFAULT NULL,
  `topografi` varchar(80) DEFAULT NULL,
  PRIMARY KEY (`id`)
) ENGINE=InnoDB AUTO_INCREMENT=10 DEFAULT CHARSET=utf8mb4;

/*Data for the table `pelaporan_awal_lokasi_bencana` */

LOCK TABLES `pelaporan_awal_lokasi_bencana` WRITE;

insert  into `pelaporan_awal_lokasi_bencana`(`id`,`id_pelaporan_awal`,`id_kabkot`,`nama_kec`,`desa_dusun`,`jumlah_penduduk_terancam`,`topografi`) values 
(9,3,1278,'Gunungsitoli Alo Oa','asdasdasd','asdasdasd','Pantai');

UNLOCK TABLES;

/*Table structure for table `pelaporan_awal_pengungsi` */

DROP TABLE IF EXISTS `pelaporan_awal_pengungsi`;

CREATE TABLE `pelaporan_awal_pengungsi` (
  `id` int(11) NOT NULL AUTO_INCREMENT,
  `id_pelaporan_awal` int(11) DEFAULT NULL,
  `id_kabkot` int(11) DEFAULT NULL,
  `nama_kec` varchar(80) DEFAULT NULL,
  `lokasi_pengungsian` varchar(80) DEFAULT NULL,
  `gangguan_jiwa_anak` varchar(11) DEFAULT NULL,
  `gangguan_jiwa_dewasa` varchar(11) DEFAULT NULL,
  `jumlah_pengungsi_laki` varchar(11) DEFAULT NULL,
  `jumlah_pengungsi_perempuan` varchar(11) DEFAULT NULL,
  `jumlah_pengungsi_kk` varchar(11) DEFAULT NULL,
  `jumlah_penduduk_rentan_bayi` varchar(11) DEFAULT NULL,
  `jumlah_penduduk_rentan_balita` varchar(11) DEFAULT NULL,
  `jumlah_penduduk_rentan_bumil` varchar(11) DEFAULT NULL,
  `jumlah_penduduk_rentan_buteki` varchar(11) DEFAULT NULL,
  `jumlah_penduduk_rentan_cacat_laki` varchar(11) DEFAULT NULL,
  `jumlah_penduduk_rentan_cacat_perempuan` varchar(11) DEFAULT NULL,
  `jumlah_penduduk_rentan_lansia_laki` varchar(11) DEFAULT NULL,
  `jumlah_penduduk_rentan_lansia_perempuan` varchar(11) DEFAULT NULL,
  PRIMARY KEY (`id`)
) ENGINE=InnoDB DEFAULT CHARSET=utf8mb4;

/*Data for the table `pelaporan_awal_pengungsi` */

LOCK TABLES `pelaporan_awal_pengungsi` WRITE;

UNLOCK TABLES;

/*Table structure for table `pengguna` */

DROP TABLE IF EXISTS `pengguna`;

CREATE TABLE `pengguna` (
  `id_user` int(11) NOT NULL AUTO_INCREMENT,
  `user` varchar(100) DEFAULT NULL,
  `password` text DEFAULT NULL,
  `email` varchar(100) DEFAULT NULL,
  `level` enum('administrator','operator','user') DEFAULT NULL,
  `tipe` enum('aktif','tidak aktif') DEFAULT NULL,
  `nama` varchar(100) DEFAULT NULL,
  `telp` varchar(20) DEFAULT NULL,
  `alamat` text DEFAULT NULL,
  PRIMARY KEY (`id_user`)
) ENGINE=InnoDB DEFAULT CHARSET=utf8mb4;

/*Data for the table `pengguna` */

LOCK TABLES `pengguna` WRITE;

UNLOCK TABLES;

/*Table structure for table `penilaian_cepat` */

DROP TABLE IF EXISTS `penilaian_cepat`;

CREATE TABLE `penilaian_cepat` (
  `id` int(11) NOT NULL AUTO_INCREMENT,
  `nama_dinas` varchar(80) DEFAULT NULL,
  `jenis_bencana` varchar(80) DEFAULT NULL,
  `waktu_kejadian` datetime DEFAULT NULL,
  `deskripsi_bencana` text DEFAULT NULL,
  `id_prov` int(11) DEFAULT NULL,
  `id_kabkot` int(11) DEFAULT NULL,
  `nama_kec` varchar(80) DEFAULT NULL,
  `desa_dusun` varchar(80) DEFAULT NULL,
  `jumlah_penduduk_terancam` varchar(80) DEFAULT NULL,
  `topografi` varchar(80) DEFAULT NULL,
  `jumlah_korban_meninggal` varchar(80) DEFAULT NULL,
  `jumlah_korban_hilang` varchar(80) DEFAULT NULL,
  `jumlah_luka_berat_rawat_inap` varchar(80) DEFAULT NULL,
  `jumlah_luka_ringan_rawat_jalan` varchar(80) DEFAULT NULL,
  `jumlah_gangguan_jiwa` varchar(80) DEFAULT NULL,
  `jenis_penyakit_klb` varchar(80) DEFAULT NULL,
  `jumlah_pengungsi_penduduk_rentan` varchar(80) DEFAULT NULL,
  `fasilitas_umum_akses` enum('mudah dijangkau','sukar dijangkau') DEFAULT NULL,
  `fasilitas_umum_jalur_komunikasi` varchar(80) DEFAULT NULL,
  `fasilitas_umum_jaringan_listrik` enum('baik','terputus','belum tersedia') DEFAULT NULL,
  `fasilitas_umum_air_bersih` enum('cukup','tidak cukup') DEFAULT NULL,
  `kondisi_sanitasi_jenis_tempat` enum('bangunan permanen','bangunan darurat') DEFAULT NULL,
  `kondisi_sanitasi_kapasitas_pengungsi` enum('memadai','tidak memadai') DEFAULT NULL,
  `dinkes_perbekalan_kesehatan_obat` enum('cukup','tidak cukup') DEFAULT NULL,
  `dinkes_perbekalan_kesehatan_alat` enum('cukup','tidak cukup') DEFAULT NULL,
  `dinkes_perbekalan_kesehatan_sanitasi_kaporit` enum('cukup','tidak cukup') DEFAULT NULL,
  `dinkes_perbekalan_kesehatan_sanitasi_pac` enum('cukup','tidak cukup') DEFAULT NULL,
  `dinkes_perbekalan_kesehatan_sanitasi_aquatab` enum('cukup','tidak cukup') DEFAULT NULL,
  `dinkes_perbekalan_kesehatan_sanitasi_kantong_sampah` enum('cukup','tidak cukup') DEFAULT NULL,
  `dinkes_perbekalan_kesehatan_sanitasi_repellent_lalat` enum('cukup','tidak cukup') DEFAULT NULL,
  `dinkes_perbekalan_kesehatan_sanitasi_hygiene_kit` enum('cukup','tidak cukup') DEFAULT NULL,
  `dinkes_perbekalan_kesehatan_persalinan_kit` enum('ada','tidak ada') DEFAULT NULL,
  `dinkes_perbekalan_kesehatan_sdm_jumlah` enum('cukup','tidak cukup') DEFAULT NULL,
  `dinkes_perbekalan_kesehatan_sdm_kompetensi` enum('memenuhi','tidak memenuhi') DEFAULT NULL,
  `dinkes_sarana_pendukung_transportasi` enum('cukup','tidak cukup') DEFAULT NULL,
  `dinkes_sarana_pendukung_alat_komunikasi` enum('cukup','tidak cukup') DEFAULT NULL,
  `dinkes_sarana_pendukung_sarana_listrik` enum('berfungsi','tidak berfungsi') DEFAULT NULL,
  `rs_perbekalan_kesehatan_obat` enum('cukup','tidak cukup') DEFAULT NULL,
  `rs_perbekalan_kesehatan_alat` enum('cukup','tidak cukup') DEFAULT NULL,
  `rs_perbekalan_kesehatan_sanitasi_kaporit` enum('cukup','tidak cukup') DEFAULT NULL,
  `rs_perbekalan_kesehatan_sanitasi_pac` enum('cukup','tidak cukup') DEFAULT NULL,
  `rs_perbekalan_kesehatan_sanitasi_aquatab` enum('cukup','tidak cukup') DEFAULT NULL,
  `rs_perbekalan_kesehatan_sanitasi_kantong_sampah` enum('cukup','tidak cukup') DEFAULT NULL,
  `rs_perbekalan_kesehatan_sanitasi_repellent_lalat` enum('cukup','tidak cukup') DEFAULT NULL,
  `rs_perbekalan_kesehatan_persalinan_kit` enum('ada','tidak ada') DEFAULT NULL,
  `rs_perbekalan_kesehatan_air` enum('cukup','tidak cukup') DEFAULT NULL,
  `rs_perbekalan_kesehatan_tempat_tidur` enum('cukup','tidak cukup') DEFAULT NULL,
  `rs_tenaga_kesehatan` enum('cukup','tidak cukup') DEFAULT NULL,
  `rs_tenaga_kesehatan_jenis_penampungan` enum('bangunan permanen','bangunan darurat') DEFAULT NULL,
  `rs_tenaga_kesehatan_kapasitas_penampungan` enum('memadai','tidak memadai') DEFAULT NULL,
  `rs_tenaga_kesehatan_kapasitas_air` enum('memadai','tidak memadai') DEFAULT NULL,
  `rs_tenaga_kesehatan_jamban` enum('memadai','tidak memadai') DEFAULT NULL,
  `rs_tenaga_kesehatan_pembuangan_sampah` enum('memadai','tidak memadai') DEFAULT NULL,
  `rs_tenaga_kesehatan_sarana_spal` enum('memadai','tidak memadai') DEFAULT NULL,
  `rs_tenaga_kesehatan_penerangan` enum('memadai','tidak memadai') DEFAULT NULL,
  `rs_sarana_pendukung_transportasi` enum('cukup','tidak cukup') DEFAULT NULL,
  `rs_sarana_pendukung_alat_komunikasi` enum('cukup','tidak cukup') DEFAULT NULL,
  `rs_sarana_pendukung_sarana_listrik` enum('cukup','tidak cukup') DEFAULT NULL,
  `upaya_penanggulangan_pelayanan_kesehatan` text DEFAULT NULL,
  `upaya_penanggulangan_pengendalian` text DEFAULT NULL,
  `upaya_penanggulangan_pelayanan_gizi` text DEFAULT NULL,
  `upaya_penanggulangan_pelayanan_kesehatan_jiwa` text DEFAULT NULL,
  `upaya_penanggulangan_reproduksi_dan_kia` text DEFAULT NULL,
  `upaya_penanggulangan_dvi` text DEFAULT NULL,
  `upaya_penanggulangan_logistik_kesehatan` text DEFAULT NULL,
  `bantuan_yang_diperlukan` text DEFAULT NULL,
  `rekomendasi` text DEFAULT NULL,
  PRIMARY KEY (`id`)
) ENGINE=InnoDB AUTO_INCREMENT=3 DEFAULT CHARSET=utf8mb4;

/*Data for the table `penilaian_cepat` */

LOCK TABLES `penilaian_cepat` WRITE;

insert  into `penilaian_cepat`(`id`,`nama_dinas`,`jenis_bencana`,`waktu_kejadian`,`deskripsi_bencana`,`id_prov`,`id_kabkot`,`nama_kec`,`desa_dusun`,`jumlah_penduduk_terancam`,`topografi`,`jumlah_korban_meninggal`,`jumlah_korban_hilang`,`jumlah_luka_berat_rawat_inap`,`jumlah_luka_ringan_rawat_jalan`,`jumlah_gangguan_jiwa`,`jenis_penyakit_klb`,`jumlah_pengungsi_penduduk_rentan`,`fasilitas_umum_akses`,`fasilitas_umum_jalur_komunikasi`,`fasilitas_umum_jaringan_listrik`,`fasilitas_umum_air_bersih`,`kondisi_sanitasi_jenis_tempat`,`kondisi_sanitasi_kapasitas_pengungsi`,`dinkes_perbekalan_kesehatan_obat`,`dinkes_perbekalan_kesehatan_alat`,`dinkes_perbekalan_kesehatan_sanitasi_kaporit`,`dinkes_perbekalan_kesehatan_sanitasi_pac`,`dinkes_perbekalan_kesehatan_sanitasi_aquatab`,`dinkes_perbekalan_kesehatan_sanitasi_kantong_sampah`,`dinkes_perbekalan_kesehatan_sanitasi_repellent_lalat`,`dinkes_perbekalan_kesehatan_sanitasi_hygiene_kit`,`dinkes_perbekalan_kesehatan_persalinan_kit`,`dinkes_perbekalan_kesehatan_sdm_jumlah`,`dinkes_perbekalan_kesehatan_sdm_kompetensi`,`dinkes_sarana_pendukung_transportasi`,`dinkes_sarana_pendukung_alat_komunikasi`,`dinkes_sarana_pendukung_sarana_listrik`,`rs_perbekalan_kesehatan_obat`,`rs_perbekalan_kesehatan_alat`,`rs_perbekalan_kesehatan_sanitasi_kaporit`,`rs_perbekalan_kesehatan_sanitasi_pac`,`rs_perbekalan_kesehatan_sanitasi_aquatab`,`rs_perbekalan_kesehatan_sanitasi_kantong_sampah`,`rs_perbekalan_kesehatan_sanitasi_repellent_lalat`,`rs_perbekalan_kesehatan_persalinan_kit`,`rs_perbekalan_kesehatan_air`,`rs_perbekalan_kesehatan_tempat_tidur`,`rs_tenaga_kesehatan`,`rs_tenaga_kesehatan_jenis_penampungan`,`rs_tenaga_kesehatan_kapasitas_penampungan`,`rs_tenaga_kesehatan_kapasitas_air`,`rs_tenaga_kesehatan_jamban`,`rs_tenaga_kesehatan_pembuangan_sampah`,`rs_tenaga_kesehatan_sarana_spal`,`rs_tenaga_kesehatan_penerangan`,`rs_sarana_pendukung_transportasi`,`rs_sarana_pendukung_alat_komunikasi`,`rs_sarana_pendukung_sarana_listrik`,`upaya_penanggulangan_pelayanan_kesehatan`,`upaya_penanggulangan_pengendalian`,`upaya_penanggulangan_pelayanan_gizi`,`upaya_penanggulangan_pelayanan_kesehatan_jiwa`,`upaya_penanggulangan_reproduksi_dan_kia`,`upaya_penanggulangan_dvi`,`upaya_penanggulangan_logistik_kesehatan`,`bantuan_yang_diperlukan`,`rekomendasi`) values 
(1,'Testing Dinas Kesehatan','Tsunami','2022-07-13 12:12:00','testing',11,1172,'Sukajaya','testing','testing','Pegunungan','sdfsd','sdfsd','sdfds','sdfsdf','sdffds','dsfds','sdfdsf','sukar dijangkau','sdfsd','baik','tidak cukup','bangunan darurat','tidak memadai','tidak cukup','tidak cukup','tidak cukup','tidak cukup','tidak cukup','tidak cukup','tidak cukup','tidak cukup','tidak ada','tidak cukup','tidak memenuhi','tidak cukup','tidak cukup','tidak berfungsi','tidak cukup','tidak cukup','tidak cukup','tidak cukup','tidak cukup','tidak cukup','tidak cukup','tidak ada','tidak cukup','tidak cukup',NULL,'bangunan darurat','tidak memadai','tidak memadai','tidak memadai','tidak memadai','tidak memadai','tidak memadai','tidak cukup','tidak cukup','tidak cukup','sdfsd','dfsdfsd','sdfsdf','sddfs','dsfdfdsf','sdfdsfdsf','dsfdfsdsf','sddsfdfsfds','sdfdfssdf'),
(2,'Testing Dinas Kesehatan','Angin Topan','2022-07-12 11:11:00','testing deskripsi',12,1277,'Padangsidimpuan Hutaimbaru','asdasdas','asdasdasd','Pegunungan','asdasd','asdasda','adajsdk','kjkjk','jkjk','jkj','kjk','sukar dijangkau','asdasd','','tidak cukup','bangunan darurat','tidak memadai','tidak cukup','tidak cukup','tidak cukup','tidak cukup','tidak cukup','tidak cukup','tidak cukup','tidak cukup','tidak ada','tidak cukup','tidak memenuhi','tidak cukup','tidak cukup','tidak berfungsi','tidak cukup','tidak cukup','tidak cukup','tidak cukup','tidak cukup','tidak cukup','tidak cukup','tidak ada','tidak cukup','tidak cukup','tidak cukup','bangunan darurat','tidak memadai','tidak memadai','tidak memadai','tidak memadai','tidak memadai','tidak memadai','tidak cukup','tidak cukup','tidak cukup','asdasd','asdasd','sadasdsad','asdads','asdadsads','asdasd','asdasd','asdasdasd','asdasd');

UNLOCK TABLES;

/*Table structure for table `penilaian_cepat_fasilitas_kesehatan` */

DROP TABLE IF EXISTS `penilaian_cepat_fasilitas_kesehatan`;

CREATE TABLE `penilaian_cepat_fasilitas_kesehatan` (
  `id` int(11) NOT NULL AUTO_INCREMENT,
  `id_pelaporan_awal` int(11) DEFAULT NULL,
  `nama_fasilitas_kesehatan` varchar(80) DEFAULT NULL,
  `kondisi` enum('rusak berat','rusak sedang','rusak ringan') DEFAULT NULL,
  `fungsi_pelayanan` enum('masih berfungsi','tidak berfungsi') DEFAULT NULL,
  PRIMARY KEY (`id`)
) ENGINE=InnoDB DEFAULT CHARSET=utf8mb4;

/*Data for the table `penilaian_cepat_fasilitas_kesehatan` */

LOCK TABLES `penilaian_cepat_fasilitas_kesehatan` WRITE;

UNLOCK TABLES;

/*Table structure for table `penilaian_cepat_korban_hilang` */

DROP TABLE IF EXISTS `penilaian_cepat_korban_hilang`;

CREATE TABLE `penilaian_cepat_korban_hilang` (
  `id` int(11) NOT NULL AUTO_INCREMENT,
  `id_pelaporan_awal` int(11) DEFAULT NULL,
  `nama` varchar(80) DEFAULT NULL,
  `jenis_kelamin` enum('Laki - laki','Perempuan') DEFAULT NULL,
  `usia` varchar(11) DEFAULT NULL,
  `kewarganegaraan` varchar(80) DEFAULT NULL,
  `alamat_korban` text DEFAULT NULL,
  `lokasi_hilang` varchar(80) DEFAULT NULL,
  PRIMARY KEY (`id`)
) ENGINE=InnoDB DEFAULT CHARSET=utf8mb4;

/*Data for the table `penilaian_cepat_korban_hilang` */

LOCK TABLES `penilaian_cepat_korban_hilang` WRITE;

UNLOCK TABLES;

/*Table structure for table `penilaian_cepat_korban_luka` */

DROP TABLE IF EXISTS `penilaian_cepat_korban_luka`;

CREATE TABLE `penilaian_cepat_korban_luka` (
  `id` int(11) NOT NULL AUTO_INCREMENT,
  `id_pelaporan_awal` int(11) DEFAULT NULL,
  `nama_fasilitas_pelayanan` varchar(80) DEFAULT NULL,
  `id_kabkot` int(11) DEFAULT NULL,
  `jumlah_rawat_inap_laki` varchar(11) DEFAULT NULL,
  `jumlah_rawat_inap_perempuan` varchar(11) DEFAULT NULL,
  `penyakit_rawat_inap` text DEFAULT NULL,
  `jumlah_rawat_jalan_laki` varchar(11) DEFAULT NULL,
  `jumlah_rawat_jalan_perempuan` varchar(11) DEFAULT NULL,
  `penyakit_rawat_jalan` text DEFAULT NULL,
  `jumlah_gangguan_jiwa_anak` varchar(11) DEFAULT NULL,
  `jumlah_gangguan_jiwa_dewasa` varchar(11) DEFAULT NULL,
  PRIMARY KEY (`id`)
) ENGINE=InnoDB DEFAULT CHARSET=utf8mb4;

/*Data for the table `penilaian_cepat_korban_luka` */

LOCK TABLES `penilaian_cepat_korban_luka` WRITE;

UNLOCK TABLES;

/*Table structure for table `penilaian_cepat_korban_meninggal` */

DROP TABLE IF EXISTS `penilaian_cepat_korban_meninggal`;

CREATE TABLE `penilaian_cepat_korban_meninggal` (
  `id` int(11) NOT NULL AUTO_INCREMENT,
  `id_pelaporan_awal` int(11) DEFAULT NULL,
  `nama` varchar(80) DEFAULT NULL,
  `jenis_kelamin` enum('Laki - laki','Perempuan') DEFAULT NULL,
  `usia` varchar(11) DEFAULT NULL,
  `kewarganegaraan` varchar(80) DEFAULT NULL,
  `alamat_korban` text DEFAULT NULL,
  `tempat_meninggal` varchar(80) DEFAULT NULL,
  `penyebab_kematian` varchar(80) DEFAULT NULL,
  PRIMARY KEY (`id`)
) ENGINE=InnoDB DEFAULT CHARSET=utf8mb4;

/*Data for the table `penilaian_cepat_korban_meninggal` */

LOCK TABLES `penilaian_cepat_korban_meninggal` WRITE;

UNLOCK TABLES;

/*Table structure for table `penilaian_cepat_lokasi_bencana` */

DROP TABLE IF EXISTS `penilaian_cepat_lokasi_bencana`;

CREATE TABLE `penilaian_cepat_lokasi_bencana` (
  `id` int(11) NOT NULL AUTO_INCREMENT,
  `id_pelaporan_awal` int(11) DEFAULT NULL,
  `id_kabkot` int(11) DEFAULT NULL,
  `nama_kec` char(40) DEFAULT NULL,
  `desa_dusun` varchar(80) DEFAULT NULL,
  `jumlah_penduduk_terancam` varchar(80) DEFAULT NULL,
  `topografi` varchar(80) DEFAULT NULL,
  PRIMARY KEY (`id`)
) ENGINE=InnoDB DEFAULT CHARSET=utf8mb4;

/*Data for the table `penilaian_cepat_lokasi_bencana` */

LOCK TABLES `penilaian_cepat_lokasi_bencana` WRITE;

UNLOCK TABLES;

/*Table structure for table `penilaian_cepat_pengungsi` */

DROP TABLE IF EXISTS `penilaian_cepat_pengungsi`;

CREATE TABLE `penilaian_cepat_pengungsi` (
  `id` int(11) NOT NULL AUTO_INCREMENT,
  `id_pelaporan_awal` int(11) DEFAULT NULL,
  `id_kabkot` int(11) DEFAULT NULL,
  `nama_kec` varchar(80) DEFAULT NULL,
  `lokasi_pengungsian` varchar(80) DEFAULT NULL,
  `gangguan_jiwa_anak` varchar(11) DEFAULT NULL,
  `gangguan_jiwa_dewasa` varchar(11) DEFAULT NULL,
  `jumlah_pengungsi_laki` varchar(11) DEFAULT NULL,
  `jumlah_pengungsi_perempuan` varchar(11) DEFAULT NULL,
  `jumlah_pengungsi_kk` varchar(11) DEFAULT NULL,
  `jumlah_penduduk_rentan_bayi` varchar(11) DEFAULT NULL,
  `jumlah_penduduk_rentan_balita` varchar(11) DEFAULT NULL,
  `jumlah_penduduk_rentan_bumil` varchar(11) DEFAULT NULL,
  `jumlah_penduduk_rentan_buteki` varchar(11) DEFAULT NULL,
  `jumlah_penduduk_rentan_cacat_laki` varchar(11) DEFAULT NULL,
  `jumlah_penduduk_rentan_cacat_perempuan` varchar(11) DEFAULT NULL,
  `jumlah_penduduk_rentan_lansia_laki` varchar(11) DEFAULT NULL,
  `jumlah_penduduk_rentan_lansia_perempuan` varchar(11) DEFAULT NULL,
  PRIMARY KEY (`id`)
) ENGINE=InnoDB DEFAULT CHARSET=utf8mb4;

/*Data for the table `penilaian_cepat_pengungsi` */

LOCK TABLES `penilaian_cepat_pengungsi` WRITE;

UNLOCK TABLES;

/*Table structure for table `perkembangan_kejadian` */

DROP TABLE IF EXISTS `perkembangan_kejadian`;

CREATE TABLE `perkembangan_kejadian` (
  `id` int(11) NOT NULL AUTO_INCREMENT,
  `nama_dinas` varchar(80) DEFAULT NULL,
  `jenis_bencana` varchar(80) DEFAULT NULL,
  `waktu_kejadian` datetime DEFAULT NULL,
  `waktu_pelaporan` datetime DEFAULT NULL,
  `deskripsi_bencana` text DEFAULT NULL,
  `id_prov` int(11) DEFAULT NULL,
  `id_kabkot` int(11) DEFAULT NULL,
  `nama_kec` varchar(80) DEFAULT NULL,
  `desa_dusun` varchar(80) DEFAULT NULL,
  `jumlah_penduduk_terancam` varchar(80) DEFAULT NULL,
  `topografi` varchar(80) DEFAULT NULL,
  `jumlah_korban_meninggal` varchar(80) DEFAULT NULL,
  `jumlah_korban_hilang` varchar(80) DEFAULT NULL,
  `jumlah_luka_berat_rawat_inap` varchar(80) DEFAULT NULL,
  `jumlah_luka_ringan_rawat_jalan` varchar(80) DEFAULT NULL,
  `jumlah_pengungsi_penduduk_rentan` varchar(80) DEFAULT NULL,
  `jumlah_gangguan_jiwa` varchar(80) DEFAULT NULL,
  `jenis_penyakit_klb` varchar(80) DEFAULT NULL,
  `jumlah_gizi_sangat_kurus` varchar(80) DEFAULT NULL,
  `jumlah_gizi_kurus` varchar(80) DEFAULT NULL,
  `jumlah_gizi_normal` varchar(80) DEFAULT NULL,
  `jumlah_gizi_gemuk` varchar(80) DEFAULT NULL,
  `fasilitas_kesehatan_kondisi` enum('baik','tidak baik') DEFAULT NULL,
  `fasilitas_kesehatan_pelayanan` enum('baik','tidak baik') DEFAULT NULL,
  `jumlah_perkembangan_kondisi_jenis_penyakit_rawat_jalan` varchar(80) DEFAULT NULL,
  `jumlah_perkembangan_kondisi_jenis_penyakit_rawat_inap` varchar(80) DEFAULT NULL,
  `jumlah_perkembangan_kasus_spesifik` varchar(80) DEFAULT NULL,
  `upaya_penanggulangan_pelayanan_kesehatan` text DEFAULT NULL,
  `upaya_penanggulangan_pengendalian` text DEFAULT NULL,
  `upaya_penanggulangan_pelayanan_gizi` text DEFAULT NULL,
  `upaya_penanggulangan_pelayanan_kesehatan_jiwa` text DEFAULT NULL,
  `upaya_penanggulangan_reproduksi_dan_kia` text DEFAULT NULL,
  `upaya_penanggulangan_dvi` text DEFAULT NULL,
  `upaya_penanggulangan_logistik_kesehatan` text DEFAULT NULL,
  `permasalahan` text DEFAULT NULL,
  `bantuan_yang_diperlukan` text DEFAULT NULL,
  `rencana_tindak_lanjut` text DEFAULT NULL,
  PRIMARY KEY (`id`)
) ENGINE=InnoDB DEFAULT CHARSET=utf8mb4;

/*Data for the table `perkembangan_kejadian` */

LOCK TABLES `perkembangan_kejadian` WRITE;

UNLOCK TABLES;

/*Table structure for table `perkembangan_kejadian_fasilitas_kesehatan` */

DROP TABLE IF EXISTS `perkembangan_kejadian_fasilitas_kesehatan`;

CREATE TABLE `perkembangan_kejadian_fasilitas_kesehatan` (
  `id` int(11) NOT NULL AUTO_INCREMENT,
  `id_pelaporan_awal` int(11) DEFAULT NULL,
  `nama_fasilitas_kesehatan` varchar(80) DEFAULT NULL,
  `kondisi` enum('rusak ringan','rusak sedang','rusak berat') DEFAULT NULL,
  `fungsi_pelayanan` enum('berfungsi','tidak berfungsi') DEFAULT NULL,
  PRIMARY KEY (`id`)
) ENGINE=InnoDB DEFAULT CHARSET=utf8mb4;

/*Data for the table `perkembangan_kejadian_fasilitas_kesehatan` */

LOCK TABLES `perkembangan_kejadian_fasilitas_kesehatan` WRITE;

UNLOCK TABLES;

/*Table structure for table `perkembangan_kejadian_korban_hilang` */

DROP TABLE IF EXISTS `perkembangan_kejadian_korban_hilang`;

CREATE TABLE `perkembangan_kejadian_korban_hilang` (
  `id` int(11) NOT NULL AUTO_INCREMENT,
  `id_pelaporan_awal` int(11) DEFAULT NULL,
  `nama` varchar(80) DEFAULT NULL,
  `jenis_kelamin` enum('Laki - laki','Perempuan') DEFAULT NULL,
  `usia` varchar(11) DEFAULT NULL,
  `kewarganegaraan` varchar(80) DEFAULT NULL,
  `alamat_korban` text DEFAULT NULL,
  `lokasi_hilang` varchar(80) DEFAULT NULL,
  PRIMARY KEY (`id`)
) ENGINE=InnoDB DEFAULT CHARSET=utf8mb4;

/*Data for the table `perkembangan_kejadian_korban_hilang` */

LOCK TABLES `perkembangan_kejadian_korban_hilang` WRITE;

UNLOCK TABLES;

/*Table structure for table `perkembangan_kejadian_korban_luka` */

DROP TABLE IF EXISTS `perkembangan_kejadian_korban_luka`;

CREATE TABLE `perkembangan_kejadian_korban_luka` (
  `id` int(11) NOT NULL AUTO_INCREMENT,
  `id_pelaporan_awal` int(11) DEFAULT NULL,
  `nama_fasilitas_pelayanan` varchar(80) DEFAULT NULL,
  `id_kabkot` int(11) DEFAULT NULL,
  `jumlah_rawat_inap_laki` varchar(11) DEFAULT NULL,
  `jumlah_rawat_inap_perempuan` varchar(11) DEFAULT NULL,
  `jumlah_rawat_inap_laki_sembuh` varchar(11) DEFAULT NULL,
  `jumlah_rawat_inap_perempuan_sembuh` varchar(11) DEFAULT NULL,
  `jumlah_rawat_jalan_laki` varchar(11) DEFAULT NULL,
  `jumlah_rawat_jalan_perempuan` varchar(11) DEFAULT NULL,
  `jumlah_rawat_jalan_laki_kumulatif` varchar(11) DEFAULT NULL,
  `jumlah_rawat_jalan_perempuan_kumulatif` varchar(11) DEFAULT NULL,
  `ket` text DEFAULT NULL,
  PRIMARY KEY (`id`)
) ENGINE=InnoDB DEFAULT CHARSET=utf8mb4;

/*Data for the table `perkembangan_kejadian_korban_luka` */

LOCK TABLES `perkembangan_kejadian_korban_luka` WRITE;

UNLOCK TABLES;

/*Table structure for table `perkembangan_kejadian_korban_meninggal` */

DROP TABLE IF EXISTS `perkembangan_kejadian_korban_meninggal`;

CREATE TABLE `perkembangan_kejadian_korban_meninggal` (
  `id` int(11) NOT NULL AUTO_INCREMENT,
  `id_pelaporan_awal` int(11) DEFAULT NULL,
  `nama` varchar(80) DEFAULT NULL,
  `jenis_kelamin` enum('Laki - laki','Perempuan') DEFAULT NULL,
  `usia` varchar(11) DEFAULT NULL,
  `kewarganegaraan` varchar(80) DEFAULT NULL,
  `alamat_korban` text DEFAULT NULL,
  `tempat_meninggal` varchar(80) DEFAULT NULL,
  `penyebab_kematian` varchar(80) DEFAULT NULL,
  PRIMARY KEY (`id`)
) ENGINE=InnoDB DEFAULT CHARSET=utf8mb4;

/*Data for the table `perkembangan_kejadian_korban_meninggal` */

LOCK TABLES `perkembangan_kejadian_korban_meninggal` WRITE;

UNLOCK TABLES;

/*Table structure for table `perkembangan_kejadian_lokasi_bencana` */

DROP TABLE IF EXISTS `perkembangan_kejadian_lokasi_bencana`;

CREATE TABLE `perkembangan_kejadian_lokasi_bencana` (
  `id` int(11) NOT NULL AUTO_INCREMENT,
  `id_pelaporan_awal` int(11) DEFAULT NULL,
  `id_kabkot` int(11) DEFAULT NULL,
  `nama_kec` char(40) DEFAULT NULL,
  `desa_dusun` varchar(80) DEFAULT NULL,
  `jumlah_penduduk_terancam` varchar(80) DEFAULT NULL,
  `topografi` varchar(80) DEFAULT NULL,
  PRIMARY KEY (`id`)
) ENGINE=InnoDB DEFAULT CHARSET=utf8mb4;

/*Data for the table `perkembangan_kejadian_lokasi_bencana` */

LOCK TABLES `perkembangan_kejadian_lokasi_bencana` WRITE;

UNLOCK TABLES;

/*Table structure for table `perkembangan_kejadian_pengungsi` */

DROP TABLE IF EXISTS `perkembangan_kejadian_pengungsi`;

CREATE TABLE `perkembangan_kejadian_pengungsi` (
  `id` int(11) NOT NULL AUTO_INCREMENT,
  `id_pelaporan_awal` int(11) DEFAULT NULL,
  `id_kabkot` int(11) DEFAULT NULL,
  `nama_kec` varchar(80) DEFAULT NULL,
  `lokasi_pengungsian` varchar(80) DEFAULT NULL,
  `gangguan_jiwa_anak` varchar(11) DEFAULT NULL,
  `gangguan_jiwa_dewasa` varchar(11) DEFAULT NULL,
  `jumlah_pengungsi_laki` varchar(11) DEFAULT NULL,
  `jumlah_pengungsi_perempuan` varchar(11) DEFAULT NULL,
  `jumlah_pengungsi_kk` varchar(11) DEFAULT NULL,
  `jumlah_penduduk_rentan_bayi` varchar(11) DEFAULT NULL,
  `jumlah_penduduk_rentan_balita` varchar(11) DEFAULT NULL,
  `jumlah_penduduk_rentan_bumil` varchar(11) DEFAULT NULL,
  `jumlah_penduduk_rentan_buteki` varchar(11) DEFAULT NULL,
  `jumlah_penduduk_rentan_cacat_laki` varchar(11) DEFAULT NULL,
  `jumlah_penduduk_rentan_cacat_perempuan` varchar(11) DEFAULT NULL,
  `jumlah_penduduk_rentan_lansia_laki` varchar(11) DEFAULT NULL,
  `jumlah_penduduk_rentan_lansia_perempuan` varchar(11) DEFAULT NULL,
  PRIMARY KEY (`id`)
) ENGINE=InnoDB DEFAULT CHARSET=utf8mb4;

/*Data for the table `perkembangan_kejadian_pengungsi` */

LOCK TABLES `perkembangan_kejadian_pengungsi` WRITE;

UNLOCK TABLES;

/*Table structure for table `perkembangan_kejadian_penyakit_rawat_inap` */

DROP TABLE IF EXISTS `perkembangan_kejadian_penyakit_rawat_inap`;

CREATE TABLE `perkembangan_kejadian_penyakit_rawat_inap` (
  `id` int(11) NOT NULL AUTO_INCREMENT,
  `diagnosa` varchar(80) DEFAULT NULL,
  `jumlah_dibawah_lima` varchar(80) DEFAULT NULL,
  `jumlah_diatas_lima` varchar(80) DEFAULT NULL,
  `jenis_kelamin_laki` varchar(80) DEFAULT NULL,
  `jenis_kelamin_perempuan` varchar(80) DEFAULT NULL,
  PRIMARY KEY (`id`)
) ENGINE=InnoDB DEFAULT CHARSET=utf8mb4;

/*Data for the table `perkembangan_kejadian_penyakit_rawat_inap` */

LOCK TABLES `perkembangan_kejadian_penyakit_rawat_inap` WRITE;

UNLOCK TABLES;

/*Table structure for table `perkembangan_kejadian_penyakit_rawat_inap_kasus_spesifik` */

DROP TABLE IF EXISTS `perkembangan_kejadian_penyakit_rawat_inap_kasus_spesifik`;

CREATE TABLE `perkembangan_kejadian_penyakit_rawat_inap_kasus_spesifik` (
  `id` int(11) NOT NULL AUTO_INCREMENT,
  `nama_fasilitas_kesehatan` varchar(80) DEFAULT NULL,
  `jumlah_pasien_baru_laki` varchar(80) DEFAULT NULL,
  `jumlah_pasien_baru_perempuan` varchar(80) DEFAULT NULL,
  `jumlah_masih_rawat_laki` varchar(80) DEFAULT NULL,
  `jumlah_masih_rawat_perempuan` varchar(80) DEFAULT NULL,
  `jumlah_pulang_sembuh_laki` varchar(80) DEFAULT NULL,
  `jumlah_pulang_sembuh_perempuan` varchar(80) DEFAULT NULL,
  `ket` text DEFAULT NULL,
  PRIMARY KEY (`id`)
) ENGINE=InnoDB DEFAULT CHARSET=utf8mb4;

/*Data for the table `perkembangan_kejadian_penyakit_rawat_inap_kasus_spesifik` */

LOCK TABLES `perkembangan_kejadian_penyakit_rawat_inap_kasus_spesifik` WRITE;

UNLOCK TABLES;

/*Table structure for table `perkembangan_kejadian_penyakit_rawat_jalan` */

DROP TABLE IF EXISTS `perkembangan_kejadian_penyakit_rawat_jalan`;

CREATE TABLE `perkembangan_kejadian_penyakit_rawat_jalan` (
  `id` int(11) NOT NULL AUTO_INCREMENT,
  `diagnosa` varchar(80) DEFAULT NULL,
  `jumlah_dibawah_lima` varchar(80) DEFAULT NULL,
  `jumlah_diatas_lima` varchar(80) DEFAULT NULL,
  `jenis_kelamin_laki` varchar(80) DEFAULT NULL,
  `jenis_kelamin_perempuan` varchar(80) DEFAULT NULL,
  PRIMARY KEY (`id`)
) ENGINE=InnoDB DEFAULT CHARSET=utf8mb4;

/*Data for the table `perkembangan_kejadian_penyakit_rawat_jalan` */

LOCK TABLES `perkembangan_kejadian_penyakit_rawat_jalan` WRITE;

UNLOCK TABLES;

/*Table structure for table `prov` */

DROP TABLE IF EXISTS `prov`;

CREATE TABLE `prov` (
  `id` int(11) NOT NULL,
  `nama_prov` char(30) NOT NULL,
  PRIMARY KEY (`id`)
) ENGINE=InnoDB DEFAULT CHARSET=utf8mb4;

/*Data for the table `prov` */

LOCK TABLES `prov` WRITE;

insert  into `prov`(`id`,`nama_prov`) values 
(11,'Aceh'),
(12,'Sumatera Utara'),
(13,'Sumatera Barat'),
(14,'Riau'),
(15,'Jambi'),
(16,'Sumatera Selatan'),
(17,'Bengkulu'),
(18,'Lampung'),
(19,'Kepulauan Bangka Belitung'),
(21,'Kepulauan Riau'),
(31,'DKI Jakarta'),
(32,'Jawa Barat'),
(33,'Jawa Tengah'),
(34,'DI Yogyakarta'),
(35,'Jawa Timur'),
(36,'Banten'),
(51,'Bali'),
(52,'Nusa Tenggara Barat'),
(53,'Nusa Tenggara Timur'),
(61,'Kalimantan Barat'),
(62,'Kalimantan Tengah'),
(63,'Kalimantan Selatan'),
(64,'Kalimantan Timur'),
(71,'Sulawesi Utara'),
(72,'Sulawesi Tengah'),
(73,'Sulawesi Selatan'),
(74,'Sulawesi Tenggara'),
(75,'Gorontalo'),
(76,'Sulawesi Barat'),
(81,'Maluku'),
(82,'Maluku Utara'),
(91,'Papua Barat'),
(94,'Papua');

UNLOCK TABLES;

/*Table structure for table `status_air_bersih` */

DROP TABLE IF EXISTS `status_air_bersih`;

CREATE TABLE `status_air_bersih` (
  `id` int(11) NOT NULL AUTO_INCREMENT,
  `status_sumber_air` varchar(50) DEFAULT NULL,
  PRIMARY KEY (`id`)
) ENGINE=InnoDB AUTO_INCREMENT=3 DEFAULT CHARSET=utf8mb4;

/*Data for the table `status_air_bersih` */

LOCK TABLES `status_air_bersih` WRITE;

insert  into `status_air_bersih`(`id`,`status_sumber_air`) values 
(1,'Cukup'),
(2,'Tidak Cukup');

UNLOCK TABLES;

/*Table structure for table `status_listrik` */

DROP TABLE IF EXISTS `status_listrik`;

CREATE TABLE `status_listrik` (
  `id` int(11) NOT NULL AUTO_INCREMENT,
  `status_listrik` varchar(50) DEFAULT NULL,
  PRIMARY KEY (`id`)
) ENGINE=InnoDB AUTO_INCREMENT=4 DEFAULT CHARSET=utf8mb4;

/*Data for the table `status_listrik` */

LOCK TABLES `status_listrik` WRITE;

insert  into `status_listrik`(`id`,`status_listrik`) values 
(1,'Baik'),
(2,'Terputus'),
(3,'Belum Tersedia / Belum Ada');

UNLOCK TABLES;

/*Table structure for table `user` */

DROP TABLE IF EXISTS `user`;

CREATE TABLE `user` (
  `id` int(11) NOT NULL AUTO_INCREMENT,
  `nama` varchar(50) DEFAULT NULL,
  `email` varchar(50) DEFAULT NULL,
  `password` varchar(256) DEFAULT NULL,
  `telefon` varchar(30) DEFAULT NULL,
  `ktp` varchar(30) DEFAULT NULL,
  `role` enum('admin','operator-provinsi','operator-kabkot','user') DEFAULT NULL,
  `status` enum('aktif','non-aktif') DEFAULT NULL,
  PRIMARY KEY (`id`)
) ENGINE=InnoDB AUTO_INCREMENT=3 DEFAULT CHARSET=utf8mb4;

/*Data for the table `user` */

LOCK TABLES `user` WRITE;

insert  into `user`(`id`,`nama`,`email`,`password`,`telefon`,`ktp`,`role`,`status`) values 
(1,'admin','admin@admin.com','$2y$10$jLMjmjkTcTIQIDXvYcLKbeTjpfjmXpb4y.Wh.2dWf3js8nStYP6Cy','085360012246','123456','admin','aktif');

UNLOCK TABLES;

/*!40101 SET SQL_MODE=@OLD_SQL_MODE */;
/*!40014 SET FOREIGN_KEY_CHECKS=@OLD_FOREIGN_KEY_CHECKS */;
/*!40014 SET UNIQUE_CHECKS=@OLD_UNIQUE_CHECKS */;
/*!40111 SET SQL_NOTES=@OLD_SQL_NOTES */;
